title,src/0,price,numberOfItem,priceCurrency,sellerId/sellerid,sellerId/username,sellerId/email,sellerId/address,sellerId/phone,sellerId/profilePicture,manufacture,color,rate
Acer Pro Laptop,"https://images.unsplash.com/photo-1517336714731-489689fd1ca8?auto=format&fit=crop&w=800&q=85,https://images.unsplash.com/photo-1517336714731-489689fd1ca8?auto=format&fit=crop&w=900&q=85,https://images.unsplash.com/photo-1517336714731-489689fd1ca8?auto=format&fit=crop&w=1000&q=85,https://images.unsplash.com/photo-1517336714731-489689fd1ca8?auto=format&fit=crop&w=700&q=85,https://images.unsplash.com/photo-1517336714731-489689fd1ca8?auto=format&fit=crop&w=600&q=85",12506,11529,dollar,1,techhub,techhub@example.com,"14 Central Road, Lagos",2349078750747,https://i.pravatar.cc/300?img=2,Acer,blue,5
Samsung Plus Smartphone,"https://images.unsplash.com/photo-1511707171634-5f897ff02aa9?auto=format&fit=crop&w=800&q=85,https://images.unsplash.com/photo-1511707171634-5f897ff02aa9?auto=format&fit=crop&w=900&q=85,https://images.unsplash.com/photo-1511707171634-5f897ff02aa9?auto=format&fit=crop&w=1000&q=85,https://images.unsplash.com/photo-1511707171634-5f897ff02aa9?auto=format&fit=crop&w=700&q=85,https://images.unsplash.com/photo-1511707171634-5f897ff02aa9?auto=format&fit=crop&w=600&q=85",9522,13183,dollar,2,gadgetpoint,gadgetpoint@example.com,"61 Market Road, Abuja",2347568352220,https://i.pravatar.cc/300?img=3,Samsung,red,5
Oraimo Ultra Wireless Headset,"https://images.unsplash.com/photo-1505740420928-5e560c06d30e?auto=format&fit=crop&w=800&q=85,https://images.unsplash.com/photo-1505740420928-5e560c06d30e?auto=format&fit=crop&w=900&q=85,https://images.unsplash.com/photo-1505740420928-5e560c06d30e?auto=format&fit=crop&w=1000&q=85,https://images.unsplash.com/photo-1505740420928-5e560c06d30e?auto=format&fit=crop&w=700&q=85,https://images.unsplash.com/photo-1505740420928-5e560c06d30e?auto=format&fit=crop&w=600&q=85",2445,820,dollar,3,urbangoods,urbangoods@example.com,"26 Allen Road, Ibadan",2348198013261,https://i.pravatar.cc/300?img=4,Oraimo,navy,3.5
Huawei Elite Smart Watch,"https://images.unsplash.com/photo-1523275335684-37898b6baf30?auto=format&fit=crop&w=800&q=85,https://images.unsplash.com/photo-1523275335684-37898b6baf30?auto=format&fit=crop&w=900&q=85,https://images.unsplash.com/photo-1523275335684-37898b6baf30?auto=format&fit=crop&w=1000&q=85,https://images.unsplash.com/photo-1523275335684-37898b6baf30?auto=format&fit=crop&w=700&q=85,https://images.unsplash.com/photo-1523275335684-37898b6baf30?auto=format&fit=crop&w=600&q=85",9998,5881,dollar,4,primeretail,primeretail@example.com,"24 Airport Road, Port ",2347456817461,https://i.pravatar.cc/300?img=5,Huawei,brown,3.5
Logitech Premium Keyboard,"https://images.unsplash.com/photo-1519389950473-47ba0277781c?auto=format&fit=crop&w=800&q=85,https://images.unsplash.com/photo-1519389950473-47ba0277781c?auto=format&fit=crop&w=900&q=85,https://images.unsplash.com/photo-1519389950473-47ba0277781c?auto=format&fit=crop&w=1000&q=85,https://images.unsplash.com/photo-1519389950473-47ba0277781c?auto=format&fit=crop&w=700&q=85,https://images.unsplash.com/photo-1519389950473-47ba0277781c?auto=format&fit=crop&w=600&q=85",14301,13936,dollar,5,digitalhouse,digitalhouse@example.com,"95 Allen Road, Benin",2347550071327,https://i.pravatar.cc/300?img=6,Logitech,gray,3
Logitech Plus Gaming Mouse,"https://images.unsplash.com/photo-1587825140708-dfaf72ae4b04?auto=format&fit=crop&w=800&q=85,https://images.unsplash.com/photo-1587825140708-dfaf72ae4b04?auto=format&fit=crop&w=900&q=85,https://images.unsplash.com/photo-1587825140708-dfaf72ae4b04?auto=format&fit=crop&w=1000&q=85,https://images.unsplash.com/photo-1587825140708-dfaf72ae4b04?auto=format&fit=crop&w=700&q=85,https://images.unsplash.com/photo-1587825140708-dfaf72ae4b04?auto=format&fit=crop&w=600&q=85",11183,18546,dollar,6,smartchoice,smartchoice@example.com,"88 Market Road, Kano",2347510922003,https://i.pravatar.cc/300?img=7,Logitech,red,3.5
Razer Flex Gaming Chair,"https://images.unsplash.com/photo-1582582494700-f9f9d61d5c2b?auto=format&fit=crop&w=800&q=85,https://images.unsplash.com/photo-1582582494700-f9f9d61d5c2b?auto=format&fit=crop&w=900&q=85,https://images.unsplash.com/photo-1582582494700-f9f9d61d5c2b?auto=format&fit=crop&w=1000&q=85,https://images.unsplash.com/photo-1582582494700-f9f9d61d5c2b?auto=format&fit=crop&w=700&q=85,https://images.unsplash.com/photo-1582582494700-f9f9d61d5c2b?auto=format&fit=crop&w=600&q=85",16411,14067,dollar,7,metromarket,metromarket@example.com,"92 Airport Road, Enugu",2347916365843,https://i.pravatar.cc/300?img=8,Razer,brown,3
Samsung Max Tablet,"https://images.unsplash.com/photo-1587829741301-dc798b83add3?auto=format&fit=crop&w=800&q=85,https://images.unsplash.com/photo-1587829741301-dc798b83add3?auto=format&fit=crop&w=900&q=85,https://images.unsplash.com/photo-1587829741301-dc798b83add3?auto=format&fit=crop&w=1000&q=85,https://images.unsplash.com/photo-1587829741301-dc798b83add3?auto=format&fit=crop&w=700&q=85,https://images.unsplash.com/photo-1587829741301-dc798b83add3?auto=format&fit=crop&w=600&q=85",11770,2067,dollar,8,nextgenshop,nextgenshop@example.com,"81 Broad Road, Kaduna",2347204097784,https://i.pravatar.cc/300?img=9,Samsung,red,5
Oraimo Max Bluetooth Speaker,"https://images.unsplash.com/photo-1585386959984-a4155224a1f9?auto=format&fit=crop&w=800&q=85,https://images.unsplash.com/photo-1585386959984-a4155224a1f9?auto=format&fit=crop&w=900&q=85,https://images.unsplash.com/photo-1585386959984-a4155224a1f9?auto=format&fit=crop&w=1000&q=85,https://images.unsplash.com/photo-1585386959984-a4155224a1f9?auto=format&fit=crop&w=700&q=85,https://images.unsplash.com/photo-1585386959984-a4155224a1f9?auto=format&fit=crop&w=600&q=85",12594,2982,dollar,9,elitestore,elitestore@example.com,"87 Market Road, Ilorin",2349085303082,https://i.pravatar.cc/300?img=10,Oraimo,red,5
Panasonic Plus Camera,"https://images.unsplash.com/photo-1519183071298-a2962e402c5d?auto=format&fit=crop&w=800&q=85,https://images.unsplash.com/photo-1519183071298-a2962e402c5d?auto=format&fit=crop&w=900&q=85,https://images.unsplash.com/photo-1519183071298-a2962e402c5d?auto=format&fit=crop&w=1000&q=85,https://images.unsplash.com/photo-1519183071298-a2962e402c5d?auto=format&fit=crop&w=700&q=85,https://images.unsplash.com/photo-1519183071298-a2962e402c5d?auto=format&fit=crop&w=600&q=85",9264,3206,dollar,10,dailydeals,dailydeals@example.com,"37 Broad Road, Abeokuta",2348414652555,https://i.pravatar.cc/300?img=11,Panasonic,gray,5
Skechers Pro Running Shoe,"https://images.unsplash.com/photo-1542291026-7eec264c27ff?auto=format&fit=crop&w=800&q=85,https://images.unsplash.com/photo-1542291026-7eec264c27ff?auto=format&fit=crop&w=900&q=85,https://images.unsplash.com/photo-1542291026-7eec264c27ff?auto=format&fit=crop&w=1000&q=85,https://images.unsplash.com/photo-1542291026-7eec264c27ff?auto=format&fit=crop&w=700&q=85,https://images.unsplash.com/photo-1542291026-7eec264c27ff?auto=format&fit=crop&w=600&q=85",13704,3275,dollar,11,trendhouse,trendhouse@example.com,"22 Allen Road, Lagos",2348277352709,https://i.pravatar.cc/300?img=12,Skechers,gold,3.5
Timex Ultra Wrist Watch,"https://images.unsplash.com/photo-1512436991641-6745cdb1723f?auto=format&fit=crop&w=800&q=85,https://images.unsplash.com/photo-1512436991641-6745cdb1723f?auto=format&fit=crop&w=900&q=85,https://images.unsplash.com/photo-1512436991641-6745cdb1723f?auto=format&fit=crop&w=1000&q=85,https://images.unsplash.com/photo-1512436991641-6745cdb1723f?auto=format&fit=crop&w=700&q=85,https://images.unsplash.com/photo-1512436991641-6745cdb1723f?auto=format&fit=crop&w=600&q=85",7113,6069,dollar,12,valuemart,valuemart@example.com,"75 Allen Road, Abuja",2347205122220,https://i.pravatar.cc/300?img=13,Timex,brown,4
Puma Elite T-Shirt,"https://images.unsplash.com/photo-1521572267360-ee0c2909d518?auto=format&fit=crop&w=800&q=85,https://images.unsplash.com/photo-1521572267360-ee0c2909d518?auto=format&fit=crop&w=900&q=85,https://images.unsplash.com/photo-1521572267360-ee0c2909d518?auto=format&fit=crop&w=1000&q=85,https://images.unsplash.com/photo-1521572267360-ee0c2909d518?auto=format&fit=crop&w=700&q=85,https://images.unsplash.com/photo-1521572267360-ee0c2909d518?auto=format&fit=crop&w=600&q=85",14604,47,dollar,13,novastore,novastore@example.com,"29 Broad Road, Ibadan",2348624088773,https://i.pravatar.cc/300?img=14,Puma,blue,3.5
Targus Elite Backpack,"https://images.unsplash.com/photo-1553062407-98eeb64c6a62?auto=format&fit=crop&w=800&q=85,https://images.unsplash.com/photo-1553062407-98eeb64c6a62?auto=format&fit=crop&w=900&q=85,https://images.unsplash.com/photo-1553062407-98eeb64c6a62?auto=format&fit=crop&w=1000&q=85,https://images.unsplash.com/photo-1553062407-98eeb64c6a62?auto=format&fit=crop&w=700&q=85,https://images.unsplash.com/photo-1553062407-98eeb64c6a62?auto=format&fit=crop&w=600&q=85",1821,7321,dollar,14,gadgets,gadgets@example.com,"52 Market Road, Port",2349034192657,https://i.pravatar.cc/300?img=15,Targus,green,3.5
Stanley Ultra Water Bottle,"https://images.unsplash.com/photo-1602143407151-7111542de6e8?auto=format&fit=crop&w=800&q=85,https://images.unsplash.com/photo-1602143407151-7111542de6e8?auto=format&fit=crop&w=900&q=85,https://images.unsplash.com/photo-1602143407151-7111542de6e8?auto=format&fit=crop&w=1000&q=85,https://images.unsplash.com/photo-1602143407151-7111542de6e8?auto=format&fit=crop&w=700&q=85,https://images.unsplash.com/photo-1602143407151-7111542de6e8?auto=format&fit=crop&w=600&q=85",9602,2075,dollar,15,quickbuy,quickbuy@example.com,"57 Allen Road, Benin",2348753065518,https://i.pravatar.cc/300?img=16,Stanley,brown,4
OtterBox Pro Phone Case,"https://images.unsplash.com/photo-1601784551446-20c9e07cdbdb?auto=format&fit=crop&w=800&q=85,https://images.unsplash.com/photo-1601784551446-20c9e07cdbdb?auto=format&fit=crop&w=900&q=85,https://images.unsplash.com/photo-1601784551446-20c9e07cdbdb?auto=format&fit=crop&w=1000&q=85,https://images.unsplash.com/photo-1601784551446-20c9e07cdbdb?auto=format&fit=crop&w=700&q=85,https://images.unsplash.com/photo-1601784551446-20c9e07cdbdb?auto=format&fit=crop&w=600&q=85",3826,20559,dollar,16,stylecorner,stylecorner@example.com,"63 Central Road, Kano",2348225388811,https://i.pravatar.cc/300?img=17,OtterBox,navy,5
Baseus Sport Laptop Stand,"https://images.unsplash.com/photo-1527864550417-7fd91fc51a46?auto=format&fit=crop&w=800&q=85,https://images.unsplash.com/photo-1527864550417-7fd91fc51a46?auto=format&fit=crop&w=900&q=85,https://images.unsplash.com/photo-1527864550417-7fd91fc51a46?auto=format&fit=crop&w=1000&q=85,https://images.unsplash.com/photo-1527864550417-7fd91fc51a46?auto=format&fit=crop&w=700&q=85,https://images.unsplash.com/photo-1527864550417-7fd91fc51a46?auto=format&fit=crop&w=600&q=85",8570,280,dollar,17,megashop,megashop@example.com,"16 Central Road, Enugu",2348999179695,https://i.pravatar.cc/300?img=18,Baseus,green,4.5
Leuchtturm1917 Elite Notebook,"https://images.unsplash.com/photo-1531346878377-a5be20888e57?auto=format&fit=crop&w=800&q=85,https://images.unsplash.com/photo-1531346878377-a5be20888e57?auto=format&fit=crop&w=900&q=85,https://images.unsplash.com/photo-1531346878377-a5be20888e57?auto=format&fit=crop&w=1000&q=85,https://images.unsplash.com/photo-1531346878377-a5be20888e57?auto=format&fit=crop&w=700&q=85,https://images.unsplash.com/photo-1531346878377-a5be20888e57?auto=format&fit=crop&w=600&q=85",2533,9748,dollar,18,topshelf,topshelf@example.com,"37 Central Road, Kaduna",2348280553522,https://i.pravatar.cc/300?img=19,Leuchtturm1917,gold,3.5
Stanley Plus Coffee Mug,"https://images.unsplash.com/photo-1514228742587-6b1558fcca3d?auto=format&fit=crop&w=800&q=85,https://images.unsplash.com/photo-1514228742587-6b1558fcca3d?auto=format&fit=crop&w=900&q=85,https://images.unsplash.com/photo-1514228742587-6b1558fcca3d?auto=format&fit=crop&w=1000&q=85,https://images.unsplash.com/photo-1514228742587-6b1558fcca3d?auto=format&fit=crop&w=700&q=85,https://images.unsplash.com/photo-1514228742587-6b1558fcca3d?auto=format&fit=crop&w=600&q=85",7491,230,dollar,19,expressstore,expressstore@example.com,"77 Allen Road, Ilorin",2347050669225,https://i.pravatar.cc/300?img=20,Stanley,white,4.5
Xiaomi Sport Desk Lamp,"https://images.unsplash.com/photo-1507473885765-e6ed057f782c?auto=format&fit=crop&w=800&q=85,https://images.unsplash.com/photo-1507473885765-e6ed057f782c?auto=format&fit=crop&w=900&q=85,https://images.unsplash.com/photo-1507473885765-e6ed057f782c?auto=format&fit=crop&w=1000&q=85,https://images.unsplash.com/photo-1507473885765-e6ed057f782c?auto=format&fit=crop&w=700&q=85,https://images.unsplash.com/photo-1507473885765-e6ed057f782c?auto=format&fit=crop&w=600&q=85",7388,5960,dollar,20,modernmall,modernmall@example.com,"82 Allen Road, Abeokuta",2347464201041,https://i.pravatar.cc/300?img=21,Xiaomi,gold,4
Acer Pro Laptop,"https://images.unsplash.com/photo-1517336714731-489689fd1ca8?auto=format&fit=crop&w=800&q=85,https://images.unsplash.com/photo-1517336714731-489689fd1ca8?auto=format&fit=crop&w=900&q=85,https://images.unsplash.com/photo-1517336714731-489689fd1ca8?auto=format&fit=crop&w=1000&q=85,https://images.unsplash.com/photo-1517336714731-489689fd1ca8?auto=format&fit=crop&w=700&q=85,https://images.unsplash.com/photo-1517336714731-489689fd1ca8?auto=format&fit=crop&w=600&q=85",18084,20372,dollar,1,techhub,techhub@example.com,"63 Airport Road, Lagos",2348871750472,https://i.pravatar.cc/300?img=2,Acer,brown,3
Xiaomi Classic Smartphone,"https://images.unsplash.com/photo-1511707171634-5f897ff02aa9?auto=format&fit=crop&w=800&q=85,https://images.unsplash.com/photo-1511707171634-5f897ff02aa9?auto=format&fit=crop&w=900&q=85,https://images.unsplash.com/photo-1511707171634-5f897ff02aa9?auto=format&fit=crop&w=1000&q=85,https://images.unsplash.com/photo-1511707171634-5f897ff02aa9?auto=format&fit=crop&w=700&q=85,https://images.unsplash.com/photo-1511707171634-5f897ff02aa9?auto=format&fit=crop&w=600&q=85",15845,10815,dollar,2,gadgetpoint,gadgetpoint@example.com,"91 Airport Road, Abuja",2347745376805,https://i.pravatar.cc/300?img=3,Xiaomi,gold,3
Beats Plus Wireless Headset,"https://images.unsplash.com/photo-1505740420928-5e560c06d30e?auto=format&fit=crop&w=800&q=85,https://images.unsplash.com/photo-1505740420928-5e560c06d30e?auto=format&fit=crop&w=900&q=85,https://images.unsplash.com/photo-1505740420928-5e560c06d30e?auto=format&fit=crop&w=1000&q=85,https://images.unsplash.com/photo-1505740420928-5e560c06d30e?auto=format&fit=crop&w=700&q=85,https://images.unsplash.com/photo-1505740420928-5e560c06d30e?auto=format&fit=crop&w=600&q=85",14936,12536,dollar,3,urbangoods,urbangoods@example.com,"13 Airport Road, Ibadan",2347340103396,https://i.pravatar.cc/300?img=4,Beats,silver,3.5
Huawei Flex Smart Watch,"https://images.unsplash.com/photo-1523275335684-37898b6baf30?auto=format&fit=crop&w=800&q=85,https://images.unsplash.com/photo-1523275335684-37898b6baf30?auto=format&fit=crop&w=900&q=85,https://images.unsplash.com/photo-1523275335684-37898b6baf30?auto=format&fit=crop&w=1000&q=85,https://images.unsplash.com/photo-1523275335684-37898b6baf30?auto=format&fit=crop&w=700&q=85,https://images.unsplash.com/photo-1523275335684-37898b6baf30?auto=format&fit=crop&w=600&q=85",15221,4495,dollar,4,primeretail,primeretail@example.com,"75 Allen Road, Port",2348621326504,https://i.pravatar.cc/300?img=5,Huawei,white,3.5
Logitech Air Keyboard,"https://images.unsplash.com/photo-1519389950473-47ba0277781c?auto=format&fit=crop&w=800&q=85,https://images.unsplash.com/photo-1519389950473-47ba0277781c?auto=format&fit=crop&w=900&q=85,https://images.unsplash.com/photo-1519389950473-47ba0277781c?auto=format&fit=crop&w=1000&q=85,https://images.unsplash.com/photo-1519389950473-47ba0277781c?auto=format&fit=crop&w=700&q=85,https://images.unsplash.com/photo-1519389950473-47ba0277781c?auto=format&fit=crop&w=600&q=85",8430,7410,dollar,5,digitalhouse,digitalhouse@example.com,"63 Allen Road, Benin",2347329894231,https://i.pravatar.cc/300?img=6,Logitech,blue,4.5
SteelSeries Plus Gaming Mouse,"https://images.unsplash.com/photo-1587825140708-dfaf72ae4b04?auto=format&fit=crop&w=800&q=85,https://images.unsplash.com/photo-1587825140708-dfaf72ae4b04?auto=format&fit=crop&w=900&q=85,https://images.unsplash.com/photo-1587825140708-dfaf72ae4b04?auto=format&fit=crop&w=1000&q=85,https://images.unsplash.com/photo-1587825140708-dfaf72ae4b04?auto=format&fit=crop&w=700&q=85,https://images.unsplash.com/photo-1587825140708-dfaf72ae4b04?auto=format&fit=crop&w=600&q=85",10357,19396,dollar,6,smartchoice,smartchoice@example.com,"50 Central Road, Kano",2347682236706,https://i.pravatar.cc/300?img=7,SteelSeries,white,5
Cougar Sport Gaming Chair,"https://images.unsplash.com/photo-1582582494700-f9f9d61d5c2b?auto=format&fit=crop&w=800&q=85,https://images.unsplash.com/photo-1582582494700-f9f9d61d5c2b?auto=format&fit=crop&w=900&q=85,https://images.unsplash.com/photo-1582582494700-f9f9d61d5c2b?auto=format&fit=crop&w=1000&q=85,https://images.unsplash.com/photo-1582582494700-f9f9d61d5c2b?auto=format&fit=crop&w=700&q=85,https://images.unsplash.com/photo-1582582494700-f9f9d61d5c2b?auto=format&fit=crop&w=600&q=85",13486,7913,dollar,7,metromarket,metromarket@example.com,"79 Broad Road, Enugu",2348453343920,https://i.pravatar.cc/300?img=8,Cougar,silver,4
Apple Air Tablet,"https://images.unsplash.com/photo-1587829741301-dc798b83add3?auto=format&fit=crop&w=800&q=85,https://images.unsplash.com/photo-1587829741301-dc798b83add3?auto=format&fit=crop&w=900&q=85,https://images.unsplash.com/photo-1587829741301-dc798b83add3?auto=format&fit=crop&w=1000&q=85,https://images.unsplash.com/photo-1587829741301-dc798b83add3?auto=format&fit=crop&w=700&q=85,https://images.unsplash.com/photo-1587829741301-dc798b83add3?auto=format&fit=crop&w=600&q=85",10834,17641,dollar,8,nextgenshop,nextgenshop@example.com,"66 Broad Road, Kaduna",2348747801198,https://i.pravatar.cc/300?img=9,Apple,white,3.5
Anker Ultra Bluetooth Speaker,"https://images.unsplash.com/photo-1585386959984-a4155224a1f9?auto=format&fit=crop&w=800&q=85,https://images.unsplash.com/photo-1585386959984-a4155224a1f9?auto=format&fit=crop&w=900&q=85,https://images.unsplash.com/photo-1585386959984-a4155224a1f9?auto=format&fit=crop&w=1000&q=85,https://images.unsplash.com/photo-1585386959984-a4155224a1f9?auto=format&fit=crop&w=700&q=85,https://images.unsplash.com/photo-1585386959984-a4155224a1f9?auto=format&fit=crop&w=600&q=85",13370,2956,dollar,9,elitestore,elitestore@example.com,"56 Airport Road, Ilorin",2347114858601,https://i.pravatar.cc/300?img=10,Anker,blue,3
Nikon Max Camera,"https://images.unsplash.com/photo-1519183071298-a2962e402c5d?auto=format&fit=crop&w=800&q=85,https://images.unsplash.com/photo-1519183071298-a2962e402c5d?auto=format&fit=crop&w=900&q=85,https://images.unsplash.com/photo-1519183071298-a2962e402c5d?auto=format&fit=crop&w=1000&q=85,https://images.unsplash.com/photo-1519183071298-a2962e402c5d?auto=format&fit=crop&w=700&q=85,https://images.unsplash.com/photo-1519183071298-a2962e402c5d?auto=format&fit=crop&w=600&q=85",9044,15697,dollar,10,dailydeals,dailydeals@example.com,"15 Market Road, Abeokuta",2348042705198,https://i.pravatar.cc/300?img=11,Nikon,green,3
Skechers Max Running Shoe,"https://images.unsplash.com/photo-1542291026-7eec264c27ff?auto=format&fit=crop&w=800&q=85,https://images.unsplash.com/photo-1542291026-7eec264c27ff?auto=format&fit=crop&w=900&q=85,https://images.unsplash.com/photo-1542291026-7eec264c27ff?auto=format&fit=crop&w=1000&q=85,https://images.unsplash.com/photo-1542291026-7eec264c27ff?auto=format&fit=crop&w=700&q=85,https://images.unsplash.com/photo-1542291026-7eec264c27ff?auto=format&fit=crop&w=600&q=85",8193,18301,dollar,11,trendhouse,trendhouse@example.com,"69 Broad Road, Lagos",2348751730068,https://i.pravatar.cc/300?img=12,Skechers,blue,3
Fossil Air Wrist Watch,"https://images.unsplash.com/photo-1512436991641-6745cdb1723f?auto=format&fit=crop&w=800&q=85,https://images.unsplash.com/photo-1512436991641-6745cdb1723f?auto=format&fit=crop&w=900&q=85,https://images.unsplash.com/photo-1512436991641-6745cdb1723f?auto=format&fit=crop&w=1000&q=85,https://images.unsplash.com/photo-1512436991641-6745cdb1723f?auto=format&fit=crop&w=700&q=85,https://images.unsplash.com/photo-1512436991641-6745cdb1723f?auto=format&fit=crop&w=600&q=85",15485,15759,dollar,12,valuemart,valuemart@example.com,"69 Airport Road, Abuja",2347724122011,https://i.pravatar.cc/300?img=13,Fossil,brown,4.5
Under Armour Air T-Shirt,"https://images.unsplash.com/photo-1521572267360-ee0c2909d518?auto=format&fit=crop&w=800&q=85,https://images.unsplash.com/photo-1521572267360-ee0c2909d518?auto=format&fit=crop&w=900&q=85,https://images.unsplash.com/photo-1521572267360-ee0c2909d518?auto=format&fit=crop&w=1000&q=85,https://images.unsplash.com/photo-1521572267360-ee0c2909d518?auto=format&fit=crop&w=700&q=85,https://images.unsplash.com/photo-1521572267360-ee0c2909d518?auto=format&fit=crop&w=600&q=85",6563,12744,dollar,13,novastore,novastore@example.com,"74 Market Road, Ibadan",2348887111540,https://i.pravatar.cc/300?img=14,Under Armour,white,5
Nike Classic Backpack,"https://images.unsplash.com/photo-1553062407-98eeb64c6a62?auto=format&fit=crop&w=800&q=85,https://images.unsplash.com/photo-1553062407-98eeb64c6a62?auto=format&fit=crop&w=900&q=85,https://images.unsplash.com/photo-1553062407-98eeb64c6a62?auto=format&fit=crop&w=1000&q=85,https://images.unsplash.com/photo-1553062407-98eeb64c6a62?auto=format&fit=crop&w=700&q=85,https://images.unsplash.com/photo-1553062407-98eeb64c6a62?auto=format&fit=crop&w=600&q=85",12096,20799,dollar,14,gadgets,gadgets@example.com,"81 Market Road, Port",2347140891620,https://i.pravatar.cc/300?img=15,Nike,white,4
Hydro Flask Elite Water Bottle,"https://images.unsplash.com/photo-1602143407151-7111542de6e8?auto=format&fit=crop&w=800&q=85,https://images.unsplash.com/photo-1602143407151-7111542de6e8?auto=format&fit=crop&w=900&q=85,https://images.unsplash.com/photo-1602143407151-7111542de6e8?auto=format&fit=crop&w=1000&q=85,https://images.unsplash.com/photo-1602143407151-7111542de6e8?auto=format&fit=crop&w=700&q=85,https://images.unsplash.com/photo-1602143407151-7111542de6e8?auto=format&fit=crop&w=600&q=85",11676,19064,dollar,15,quickbuy,quickbuy@example.com,"98 Allen Road, Benin",2348837577849,https://i.pravatar.cc/300?img=16,Hydro Flask,navy,3
Ringke Plus Phone Case,"https://images.unsplash.com/photo-1601784551446-20c9e07cdbdb?auto=format&fit=crop&w=800&q=85,https://images.unsplash.com/photo-1601784551446-20c9e07cdbdb?auto=format&fit=crop&w=900&q=85,https://images.unsplash.com/photo-1601784551446-20c9e07cdbdb?auto=format&fit=crop&w=1000&q=85,https://images.unsplash.com/photo-1601784551446-20c9e07cdbdb?auto=format&fit=crop&w=700&q=85,https://images.unsplash.com/photo-1601784551446-20c9e07cdbdb?auto=format&fit=crop&w=600&q=85",11007,2278,dollar,16,stylecorner,stylecorner@example.com,"98 Broad Road, Kano",2348520202996,https://i.pravatar.cc/300?img=17,Ringke,black,3.5
UGREEN Plus Laptop Stand,"https://images.unsplash.com/photo-1527864550417-7fd91fc51a46?auto=format&fit=crop&w=800&q=85,https://images.unsplash.com/photo-1527864550417-7fd91fc51a46?auto=format&fit=crop&w=900&q=85,https://images.unsplash.com/photo-1527864550417-7fd91fc51a46?auto=format&fit=crop&w=1000&q=85,https://images.unsplash.com/photo-1527864550417-7fd91fc51a46?auto=format&fit=crop&w=700&q=85,https://images.unsplash.com/photo-1527864550417-7fd91fc51a46?auto=format&fit=crop&w=600&q=85",12661,17878,dollar,17,megashop,megashop@example.com,"88 Broad Road, Enugu",2347032247155,https://i.pravatar.cc/300?img=18,UGREEN,green,4
Leuchtturm1917 Ultra Notebook,"https://images.unsplash.com/photo-1531346878377-a5be20888e57?auto=format&fit=crop&w=800&q=85,https://images.unsplash.com/photo-1531346878377-a5be20888e57?auto=format&fit=crop&w=900&q=85,https://images.unsplash.com/photo-1531346878377-a5be20888e57?auto=format&fit=crop&w=1000&q=85,https://images.unsplash.com/photo-1531346878377-a5be20888e57?auto=format&fit=crop&w=700&q=85,https://images.unsplash.com/photo-1531346878377-a5be20888e57?auto=format&fit=crop&w=600&q=85",5400,17226,dollar,18,topshelf,topshelf@example.com,"35 Allen Road, Kaduna",2347990965481,https://i.pravatar.cc/300?img=19,Leuchtturm1917,gold,4
Contigo Ultra Coffee Mug,"https://images.unsplash.com/photo-1514228742587-6b1558fcca3d?auto=format&fit=crop&w=800&q=85,https://images.unsplash.com/photo-1514228742587-6b1558fcca3d?auto=format&fit=crop&w=900&q=85,https://images.unsplash.com/photo-1514228742587-6b1558fcca3d?auto=format&fit=crop&w=1000&q=85,https://images.unsplash.com/photo-1514228742587-6b1558fcca3d?auto=format&fit=crop&w=700&q=85,https://images.unsplash.com/photo-1514228742587-6b1558fcca3d?auto=format&fit=crop&w=600&q=85",10711,9740,dollar,19,expressstore,expressstore@example.com,"26 Allen Road, Ilorin",2348539726702,https://i.pravatar.cc/300?img=20,Contigo,green,4.5
Xiaomi Premium Desk Lamp,"https://images.unsplash.com/photo-1507473885765-e6ed057f782c?auto=format&fit=crop&w=800&q=85,https://images.unsplash.com/photo-1507473885765-e6ed057f782c?auto=format&fit=crop&w=900&q=85,https://images.unsplash.com/photo-1507473885765-e6ed057f782c?auto=format&fit=crop&w=1000&q=85,https://images.unsplash.com/photo-1507473885765-e6ed057f782c?auto=format&fit=crop&w=700&q=85,https://images.unsplash.com/photo-1507473885765-e6ed057f782c?auto=format&fit=crop&w=600&q=85",9159,13190,dollar,20,modernmall,modernmall@example.com,"34 Central Road, Abeokuta",2347939359236,https://i.pravatar.cc/300?img=21,Xiaomi,green,5
HP Flex Laptop,"https://images.unsplash.com/photo-1517336714731-489689fd1ca8?auto=format&fit=crop&w=800&q=85,https://images.unsplash.com/photo-1517336714731-489689fd1ca8?auto=format&fit=crop&w=900&q=85,https://images.unsplash.com/photo-1517336714731-489689fd1ca8?auto=format&fit=crop&w=1000&q=85,https://images.unsplash.com/photo-1517336714731-489689fd1ca8?auto=format&fit=crop&w=700&q=85,https://images.unsplash.com/photo-1517336714731-489689fd1ca8?auto=format&fit=crop&w=600&q=85",20300,14892,dollar,1,techhub,techhub@example.com,"64 Airport Road, Lagos",2348888424094,https://i.pravatar.cc/300?img=2,HP,gold,5
OnePlus Flex Smartphone,"https://images.unsplash.com/photo-1511707171634-5f897ff02aa9?auto=format&fit=crop&w=800&q=85,https://images.unsplash.com/photo-1511707171634-5f897ff02aa9?auto=format&fit=crop&w=900&q=85,https://images.unsplash.com/photo-1511707171634-5f897ff02aa9?auto=format&fit=crop&w=1000&q=85,https://images.unsplash.com/photo-1511707171634-5f897ff02aa9?auto=format&fit=crop&w=700&q=85,https://images.unsplash.com/photo-1511707171634-5f897ff02aa9?auto=format&fit=crop&w=600&q=85",13891,19172,dollar,2,gadgetpoint,gadgetpoint@example.com,"85 Airport Road, Abuja",2347504498607,https://i.pravatar.cc/300?img=3,OnePlus,red,3
Soundcore Flex Wireless Headset,"https://images.unsplash.com/photo-1505740420928-5e560c06d30e?auto=format&fit=crop&w=800&q=85,https://images.unsplash.com/photo-1505740420928-5e560c06d30e?auto=format&fit=crop&w=900&q=85,https://images.unsplash.com/photo-1505740420928-5e560c06d30e?auto=format&fit=crop&w=1000&q=85,https://images.unsplash.com/photo-1505740420928-5e560c06d30e?auto=format&fit=crop&w=700&q=85,https://images.unsplash.com/photo-1505740420928-5e560c06d30e?auto=format&fit=crop&w=600&q=85",13441,17360,dollar,3,urbangoods,urbangoods@example.com,"10 Central Road, Ibadan",2347612477396,https://i.pravatar.cc/300?img=4,Soundcore,brown,4
Samsung Plus Smart Watch,"https://images.unsplash.com/photo-1523275335684-37898b6baf30?auto=format&fit=crop&w=800&q=85,https://images.unsplash.com/photo-1523275335684-37898b6baf30?auto=format&fit=crop&w=900&q=85,https://images.unsplash.com/photo-1523275335684-37898b6baf30?auto=format&fit=crop&w=1000&q=85,https://images.unsplash.com/photo-1523275335684-37898b6baf30?auto=format&fit=crop&w=700&q=85,https://images.unsplash.com/photo-1523275335684-37898b6baf30?auto=format&fit=crop&w=600&q=85",13152,20087,dollar,4,primeretail,primeretail@example.com,"68 Market Road, Port",2347899516089,https://i.pravatar.cc/300?img=5,Samsung,silver,4
Logitech Plus Keyboard,"https://images.unsplash.com/photo-1519389950473-47ba0277781c?auto=format&fit=crop&w=800&q=85,https://images.unsplash.com/photo-1519389950473-47ba0277781c?auto=format&fit=crop&w=900&q=85,https://images.unsplash.com/photo-1519389950473-47ba0277781c?auto=format&fit=crop&w=1000&q=85,https://images.unsplash.com/photo-1519389950473-47ba0277781c?auto=format&fit=crop&w=700&q=85,https://images.unsplash.com/photo-1519389950473-47ba0277781c?auto=format&fit=crop&w=600&q=85",8812,10383,dollar,5,digitalhouse,digitalhouse@example.com,"95 Allen Road, Benin",2347948995550,https://i.pravatar.cc/300?img=6,Logitech,brown,5
Corsair Max Gaming Mouse,"https://images.unsplash.com/photo-1587825140708-dfaf72ae4b04?auto=format&fit=crop&w=800&q=85,https://images.unsplash.com/photo-1587825140708-dfaf72ae4b04?auto=format&fit=crop&w=900&q=85,https://images.unsplash.com/photo-1587825140708-dfaf72ae4b04?auto=format&fit=crop&w=1000&q=85,https://images.unsplash.com/photo-1587825140708-dfaf72ae4b04?auto=format&fit=crop&w=700&q=85,https://images.unsplash.com/photo-1587825140708-dfaf72ae4b04?auto=format&fit=crop&w=600&q=85",10804,4330,dollar,6,smartchoice,smartchoice@example.com,"56 Airport Road, Kano",2347666765340,https://i.pravatar.cc/300?img=7,Corsair,gray,5
Razer Sport Gaming Chair,"https://images.unsplash.com/photo-1582582494700-f9f9d61d5c2b?auto=format&fit=crop&w=800&q=85,https://images.unsplash.com/photo-1582582494700-f9f9d61d5c2b?auto=format&fit=crop&w=900&q=85,https://images.unsplash.com/photo-1582582494700-f9f9d61d5c2b?auto=format&fit=crop&w=1000&q=85,https://images.unsplash.com/photo-1582582494700-f9f9d61d5c2b?auto=format&fit=crop&w=700&q=85,https://images.unsplash.com/photo-1582582494700-f9f9d61d5c2b?auto=format&fit=crop&w=600&q=85",10523,9921,dollar,7,metromarket,metromarket@example.com,"43 Market Road, Enugu",2348445994846,https://i.pravatar.cc/300?img=8,Razer,gray,5
Huawei Ultra Tablet,"https://images.unsplash.com/photo-1587829741301-dc798b83add3?auto=format&fit=crop&w=800&q=85,https://images.unsplash.com/photo-1587829741301-dc798b83add3?auto=format&fit=crop&w=900&q=85,https://images.unsplash.com/photo-1587829741301-dc798b83add3?auto=format&fit=crop&w=1000&q=85,https://images.unsplash.com/photo-1587829741301-dc798b83add3?auto=format&fit=crop&w=700&q=85,https://images.unsplash.com/photo-1587829741301-dc798b83add3?auto=format&fit=crop&w=600&q=85",11996,19748,dollar,8,nextgenshop,nextgenshop@example.com,"85 Airport Road, Kaduna",2348053267365,https://i.pravatar.cc/300?img=9,Huawei,black,3.5
Oraimo Sport Bluetooth Speaker,"https://images.unsplash.com/photo-1585386959984-a4155224a1f9?auto=format&fit=crop&w=800&q=85,https://images.unsplash.com/photo-1585386959984-a4155224a1f9?auto=format&fit=crop&w=900&q=85,https://images.unsplash.com/photo-1585386959984-a4155224a1f9?auto=format&fit=crop&w=1000&q=85,https://images.unsplash.com/photo-1585386959984-a4155224a1f9?auto=format&fit=crop&w=700&q=85,https://images.unsplash.com/photo-1585386959984-a4155224a1f9?auto=format&fit=crop&w=600&q=85",10259,16226,dollar,9,elitestore,elitestore@example.com,"40 Airport Road, Ilorin",2347804460671,https://i.pravatar.cc/300?img=10,Oraimo,blue,3
Sony Premium Camera,"https://images.unsplash.com/photo-1519183071298-a2962e402c5d?auto=format&fit=crop&w=800&q=85,https://images.unsplash.com/photo-1519183071298-a2962e402c5d?auto=format&fit=crop&w=900&q=85,https://images.unsplash.com/photo-1519183071298-a2962e402c5d?auto=format&fit=crop&w=1000&q=85,https://images.unsplash.com/photo-1519183071298-a2962e402c5d?auto=format&fit=crop&w=700&q=85,https://images.unsplash.com/photo-1519183071298-a2962e402c5d?auto=format&fit=crop&w=600&q=85",16707,15974,dollar,10,dailydeals,dailydeals@example.com,"47 Airport Road, Abeokuta",2348277270978,https://i.pravatar.cc/300?img=11,Sony,brown,4.5
Nike Classic Running Shoe,"https://images.unsplash.com/photo-1542291026-7eec264c27ff?auto=format&fit=crop&w=800&q=85,https://images.unsplash.com/photo-1542291026-7eec264c27ff?auto=format&fit=crop&w=900&q=85,https://images.unsplash.com/photo-1542291026-7eec264c27ff?auto=format&fit=crop&w=1000&q=85,https://images.unsplash.com/photo-1542291026-7eec264c27ff?auto=format&fit=crop&w=700&q=85,https://images.unsplash.com/photo-1542291026-7eec264c27ff?auto=format&fit=crop&w=600&q=85",14035,7514,dollar,11,trendhouse,trendhouse@example.com,"13 Airport Road, Lagos",2347683639596,https://i.pravatar.cc/300?img=12,Nike,white,3.5
Fossil Classic Wrist Watch,"https://images.unsplash.com/photo-1512436991641-6745cdb1723f?auto=format&fit=crop&w=800&q=85,https://images.unsplash.com/photo-1512436991641-6745cdb1723f?auto=format&fit=crop&w=900&q=85,https://images.unsplash.com/photo-1512436991641-6745cdb1723f?auto=format&fit=crop&w=1000&q=85,https://images.unsplash.com/photo-1512436991641-6745cdb1723f?auto=format&fit=crop&w=700&q=85,https://images.unsplash.com/photo-1512436991641-6745cdb1723f?auto=format&fit=crop&w=600&q=85",8281,6445,dollar,12,valuemart,valuemart@example.com,"76 Allen Road, Abuja",2348096339922,https://i.pravatar.cc/300?img=13,Fossil,navy,5
Nike Max T-Shirt,"https://images.unsplash.com/photo-1521572267360-ee0c2909d518?auto=format&fit=crop&w=800&q=85,https://images.unsplash.com/photo-1521572267360-ee0c2909d518?auto=format&fit=crop&w=900&q=85,https://images.unsplash.com/photo-1521572267360-ee0c2909d518?auto=format&fit=crop&w=1000&q=85,https://images.unsplash.com/photo-1521572267360-ee0c2909d518?auto=format&fit=crop&w=700&q=85,https://images.unsplash.com/photo-1521572267360-ee0c2909d518?auto=format&fit=crop&w=600&q=85",13424,8879,dollar,13,novastore,novastore@example.com,"65 Airport Road, Ibadan",2348270991556,https://i.pravatar.cc/300?img=14,Nike,brown,5
Nike Plus Backpack,"https://images.unsplash.com/photo-1553062407-98eeb64c6a62?auto=format&fit=crop&w=800&q=85,https://images.unsplash.com/photo-1553062407-98eeb64c6a62?auto=format&fit=crop&w=900&q=85,https://images.unsplash.com/photo-1553062407-98eeb64c6a62?auto=format&fit=crop&w=1000&q=85,https://images.unsplash.com/photo-1553062407-98eeb64c6a62?auto=format&fit=crop&w=700&q=85,https://images.unsplash.com/photo-1553062407-98eeb64c6a62?auto=format&fit=crop&w=600&q=85",4354,3854,dollar,14,gadgets,gadgets@example.com,"54 Central Road, Port",2349084859918,https://i.pravatar.cc/300?img=15,Nike,white,3
Hydro Flask Plus Water Bottle,"https://images.unsplash.com/photo-1602143407151-7111542de6e8?auto=format&fit=crop&w=800&q=85,https://images.unsplash.com/photo-1602143407151-7111542de6e8?auto=format&fit=crop&w=900&q=85,https://images.unsplash.com/photo-1602143407151-7111542de6e8?auto=format&fit=crop&w=1000&q=85,https://images.unsplash.com/photo-1602143407151-7111542de6e8?auto=format&fit=crop&w=700&q=85,https://images.unsplash.com/photo-1602143407151-7111542de6e8?auto=format&fit=crop&w=600&q=85",11753,19812,dollar,15,quickbuy,quickbuy@example.com,"96 Central Road, Benin",2348364919377,https://i.pravatar.cc/300?img=16,Hydro Flask,white,4.5
UAG Ultra Phone Case,"https://images.unsplash.com/photo-1601784551446-20c9e07cdbdb?auto=format&fit=crop&w=800&q=85,https://images.unsplash.com/photo-1601784551446-20c9e07cdbdb?auto=format&fit=crop&w=900&q=85,https://images.unsplash.com/photo-1601784551446-20c9e07cdbdb?auto=format&fit=crop&w=1000&q=85,https://images.unsplash.com/photo-1601784551446-20c9e07cdbdb?auto=format&fit=crop&w=700&q=85,https://images.unsplash.com/photo-1601784551446-20c9e07cdbdb?auto=format&fit=crop&w=600&q=85",6560,13807,dollar,16,stylecorner,stylecorner@example.com,"67 Market Road, Kano",2349096330382,https://i.pravatar.cc/300?img=17,UAG,navy,5
Rain Design Premium Laptop Stand,"https://images.unsplash.com/photo-1527864550417-7fd91fc51a46?auto=format&fit=crop&w=800&q=85,https://images.unsplash.com/photo-1527864550417-7fd91fc51a46?auto=format&fit=crop&w=900&q=85,https://images.unsplash.com/photo-1527864550417-7fd91fc51a46?auto=format&fit=crop&w=1000&q=85,https://images.unsplash.com/photo-1527864550417-7fd91fc51a46?auto=format&fit=crop&w=700&q=85,https://images.unsplash.com/photo-1527864550417-7fd91fc51a46?auto=format&fit=crop&w=600&q=85",11997,16178,dollar,17,megashop,megashop@example.com,"88 Broad Road, Enugu",2347075294490,https://i.pravatar.cc/300?img=18,Rain Design,black,3.5
Rhodia Pro Notebook,"https://images.unsplash.com/photo-1531346878377-a5be20888e57?auto=format&fit=crop&w=800&q=85,https://images.unsplash.com/photo-1531346878377-a5be20888e57?auto=format&fit=crop&w=900&q=85,https://images.unsplash.com/photo-1531346878377-a5be20888e57?auto=format&fit=crop&w=1000&q=85,https://images.unsplash.com/photo-1531346878377-a5be20888e57?auto=format&fit=crop&w=700&q=85,https://images.unsplash.com/photo-1531346878377-a5be20888e57?auto=format&fit=crop&w=600&q=85",6642,9765,dollar,18,topshelf,topshelf@example.com,"36 Allen Road, Kaduna",2347541226638,https://i.pravatar.cc/300?img=19,Rhodia,navy,3
Contigo Ultra Coffee Mug,"https://images.unsplash.com/photo-1514228742587-6b1558fcca3d?auto=format&fit=crop&w=800&q=85,https://images.unsplash.com/photo-1514228742587-6b1558fcca3d?auto=format&fit=crop&w=900&q=85,https://images.unsplash.com/photo-1514228742587-6b1558fcca3d?auto=format&fit=crop&w=1000&q=85,https://images.unsplash.com/photo-1514228742587-6b1558fcca3d?auto=format&fit=crop&w=700&q=85,https://images.unsplash.com/photo-1514228742587-6b1558fcca3d?auto=format&fit=crop&w=600&q=85",5097,20747,dollar,19,expressstore,expressstore@example.com,"90 Central Road, Ilorin",2348948942857,https://i.pravatar.cc/300?img=20,Contigo,green,5
BenQ Plus Desk Lamp,"https://images.unsplash.com/photo-1507473885765-e6ed057f782c?auto=format&fit=crop&w=800&q=85,https://images.unsplash.com/photo-1507473885765-e6ed057f782c?auto=format&fit=crop&w=900&q=85,https://images.unsplash.com/photo-1507473885765-e6ed057f782c?auto=format&fit=crop&w=1000&q=85,https://images.unsplash.com/photo-1507473885765-e6ed057f782c?auto=format&fit=crop&w=700&q=85,https://images.unsplash.com/photo-1507473885765-e6ed057f782c?auto=format&fit=crop&w=600&q=85",13834,17377,dollar,20,modernmall,modernmall@example.com,"3 Broad Road, Abeokuta",2348544900604,https://i.pravatar.cc/300?img=21,BenQ,red,4.5
HP Max Laptop,"https://images.unsplash.com/photo-1517336714731-489689fd1ca8?auto=format&fit=crop&w=800&q=85,https://images.unsplash.com/photo-1517336714731-489689fd1ca8?auto=format&fit=crop&w=900&q=85,https://images.unsplash.com/photo-1517336714731-489689fd1ca8?auto=format&fit=crop&w=1000&q=85,https://images.unsplash.com/photo-1517336714731-489689fd1ca8?auto=format&fit=crop&w=700&q=85,https://images.unsplash.com/photo-1517336714731-489689fd1ca8?auto=format&fit=crop&w=600&q=85",11320,13763,dollar,1,techhub,techhub@example.com,"12 Airport Road, Lagos",2348878925848,https://i.pravatar.cc/300?img=2,HP,red,3.5
Xiaomi Max Smartphone,"https://images.unsplash.com/photo-1511707171634-5f897ff02aa9?auto=format&fit=crop&w=800&q=85,https://images.unsplash.com/photo-1511707171634-5f897ff02aa9?auto=format&fit=crop&w=900&q=85,https://images.unsplash.com/photo-1511707171634-5f897ff02aa9?auto=format&fit=crop&w=1000&q=85,https://images.unsplash.com/photo-1511707171634-5f897ff02aa9?auto=format&fit=crop&w=700&q=85,https://images.unsplash.com/photo-1511707171634-5f897ff02aa9?auto=format&fit=crop&w=600&q=85",12465,17015,dollar,2,gadgetpoint,gadgetpoint@example.com,"97 Market Road, Abuja",2348900215793,https://i.pravatar.cc/300?img=3,Xiaomi,navy,5
Soundcore Plus Wireless Headset,"https://images.unsplash.com/photo-1505740420928-5e560c06d30e?auto=format&fit=crop&w=800&q=85,https://images.unsplash.com/photo-1505740420928-5e560c06d30e?auto=format&fit=crop&w=900&q=85,https://images.unsplash.com/photo-1505740420928-5e560c06d30e?auto=format&fit=crop&w=1000&q=85,https://images.unsplash.com/photo-1505740420928-5e560c06d30e?auto=format&fit=crop&w=700&q=85,https://images.unsplash.com/photo-1505740420928-5e560c06d30e?auto=format&fit=crop&w=600&q=85",5170,15991,dollar,3,urbangoods,urbangoods@example.com,"51 Airport Road, Ibadan",2348565895557,https://i.pravatar.cc/300?img=4,Soundcore,black,3.5
Xiaomi Flex Smart Watch,"https://images.unsplash.com/photo-1523275335684-37898b6baf30?auto=format&fit=crop&w=800&q=85,https://images.unsplash.com/photo-1523275335684-37898b6baf30?auto=format&fit=crop&w=900&q=85,https://images.unsplash.com/photo-1523275335684-37898b6baf30?auto=format&fit=crop&w=1000&q=85,https://images.unsplash.com/photo-1523275335684-37898b6baf30?auto=format&fit=crop&w=700&q=85,https://images.unsplash.com/photo-1523275335684-37898b6baf30?auto=format&fit=crop&w=600&q=85",11852,3958,dollar,4,primeretail,primeretail@example.com,"26 Central Road, Port",2347424716455,https://i.pravatar.cc/300?img=5,Xiaomi,brown,3
Redragon Pro Keyboard,"https://images.unsplash.com/photo-1519389950473-47ba0277781c?auto=format&fit=crop&w=800&q=85,https://images.unsplash.com/photo-1519389950473-47ba0277781c?auto=format&fit=crop&w=900&q=85,https://images.unsplash.com/photo-1519389950473-47ba0277781c?auto=format&fit=crop&w=1000&q=85,https://images.unsplash.com/photo-1519389950473-47ba0277781c?auto=format&fit=crop&w=700&q=85,https://images.unsplash.com/photo-1519389950473-47ba0277781c?auto=format&fit=crop&w=600&q=85",2531,13263,dollar,5,digitalhouse,digitalhouse@example.com,"70 Airport Road, Benin",2348331808860,https://i.pravatar.cc/300?img=6,Redragon,gray,3.5
SteelSeries Air Gaming Mouse,"https://images.unsplash.com/photo-1587825140708-dfaf72ae4b04?auto=format&fit=crop&w=800&q=85,https://images.unsplash.com/photo-1587825140708-dfaf72ae4b04?auto=format&fit=crop&w=900&q=85,https://images.unsplash.com/photo-1587825140708-dfaf72ae4b04?auto=format&fit=crop&w=1000&q=85,https://images.unsplash.com/photo-1587825140708-dfaf72ae4b04?auto=format&fit=crop&w=700&q=85,https://images.unsplash.com/photo-1587825140708-dfaf72ae4b04?auto=format&fit=crop&w=600&q=85",4643,1187,dollar,6,smartchoice,smartchoice@example.com,"96 Central Road, Kano",2348138625808,https://i.pravatar.cc/300?img=7,SteelSeries,red,4
Corsair Sport Gaming Chair,"https://images.unsplash.com/photo-1582582494700-f9f9d61d5c2b?auto=format&fit=crop&w=800&q=85,https://images.unsplash.com/photo-1582582494700-f9f9d61d5c2b?auto=format&fit=crop&w=900&q=85,https://images.unsplash.com/photo-1582582494700-f9f9d61d5c2b?auto=format&fit=crop&w=1000&q=85,https://images.unsplash.com/photo-1582582494700-f9f9d61d5c2b?auto=format&fit=crop&w=700&q=85,https://images.unsplash.com/photo-1582582494700-f9f9d61d5c2b?auto=format&fit=crop&w=600&q=85",5190,7840,dollar,7,metromarket,metromarket@example.com,"90 Allen Road, Enugu",2348301537758,https://i.pravatar.cc/300?img=8,Corsair,red,4
Xiaomi Max Tablet,"https://images.unsplash.com/photo-1587829741301-dc798b83add3?auto=format&fit=crop&w=800&q=85,https://images.unsplash.com/photo-1587829741301-dc798b83add3?auto=format&fit=crop&w=900&q=85,https://images.unsplash.com/photo-1587829741301-dc798b83add3?auto=format&fit=crop&w=1000&q=85,https://images.unsplash.com/photo-1587829741301-dc798b83add3?auto=format&fit=crop&w=700&q=85,https://images.unsplash.com/photo-1587829741301-dc798b83add3?auto=format&fit=crop&w=600&q=85",16380,96,dollar,8,nextgenshop,nextgenshop@example.com,"19 Broad Road, Kaduna",2348020669728,https://i.pravatar.cc/300?img=9,Xiaomi,brown,5
Oraimo Pro Bluetooth Speaker,"https://images.unsplash.com/photo-1585386959984-a4155224a1f9?auto=format&fit=crop&w=800&q=85,https://images.unsplash.com/photo-1585386959984-a4155224a1f9?auto=format&fit=crop&w=900&q=85,https://images.unsplash.com/photo-1585386959984-a4155224a1f9?auto=format&fit=crop&w=1000&q=85,https://images.unsplash.com/photo-1585386959984-a4155224a1f9?auto=format&fit=crop&w=700&q=85,https://images.unsplash.com/photo-1585386959984-a4155224a1f9?auto=format&fit=crop&w=600&q=85",7028,3962,dollar,9,elitestore,elitestore@example.com,"21 Broad Road, Ilorin",2347073890401,https://i.pravatar.cc/300?img=10,Oraimo,gray,4
Nikon Elite Camera,"https://images.unsplash.com/photo-1519183071298-a2962e402c5d?auto=format&fit=crop&w=800&q=85,https://images.unsplash.com/photo-1519183071298-a2962e402c5d?auto=format&fit=crop&w=900&q=85,https://images.unsplash.com/photo-1519183071298-a2962e402c5d?auto=format&fit=crop&w=1000&q=85,https://images.unsplash.com/photo-1519183071298-a2962e402c5d?auto=format&fit=crop&w=700&q=85,https://images.unsplash.com/photo-1519183071298-a2962e402c5d?auto=format&fit=crop&w=600&q=85",9311,15832,dollar,10,dailydeals,dailydeals@example.com,"53 Market Road, Abeokuta",2347714417953,https://i.pravatar.cc/300?img=11,Nikon,silver,4
Adidas Sport Running Shoe,"https://images.unsplash.com/photo-1542291026-7eec264c27ff?auto=format&fit=crop&w=800&q=85,https://images.unsplash.com/photo-1542291026-7eec264c27ff?auto=format&fit=crop&w=900&q=85,https://images.unsplash.com/photo-1542291026-7eec264c27ff?auto=format&fit=crop&w=1000&q=85,https://images.unsplash.com/photo-1542291026-7eec264c27ff?auto=format&fit=crop&w=700&q=85,https://images.unsplash.com/photo-1542291026-7eec264c27ff?auto=format&fit=crop&w=600&q=85",9618,16812,dollar,11,trendhouse,trendhouse@example.com,"60 Allen Road, Lagos",2347384153817,https://i.pravatar.cc/300?img=12,Adidas,green,3
Fossil Flex Wrist Watch,"https://images.unsplash.com/photo-1512436991641-6745cdb1723f?auto=format&fit=crop&w=800&q=85,https://images.unsplash.com/photo-1512436991641-6745cdb1723f?auto=format&fit=crop&w=900&q=85,https://images.unsplash.com/photo-1512436991641-6745cdb1723f?auto=format&fit=crop&w=1000&q=85,https://images.unsplash.com/photo-1512436991641-6745cdb1723f?auto=format&fit=crop&w=700&q=85,https://images.unsplash.com/photo-1512436991641-6745cdb1723f?auto=format&fit=crop&w=600&q=85",7952,4945,dollar,12,valuemart,valuemart@example.com,"38 Central Road, Abuja",2348758984397,https://i.pravatar.cc/300?img=13,Fossil,brown,4.5
Champion Ultra T-Shirt,"https://images.unsplash.com/photo-1521572267360-ee0c2909d518?auto=format&fit=crop&w=800&q=85,https://images.unsplash.com/photo-1521572267360-ee0c2909d518?auto=format&fit=crop&w=900&q=85,https://images.unsplash.com/photo-1521572267360-ee0c2909d518?auto=format&fit=crop&w=1000&q=85,https://images.unsplash.com/photo-1521572267360-ee0c2909d518?auto=format&fit=crop&w=700&q=85,https://images.unsplash.com/photo-1521572267360-ee0c2909d518?auto=format&fit=crop&w=600&q=85",10565,480,dollar,13,novastore,novastore@example.com,"58 Airport Road, Ibadan",2348982142657,https://i.pravatar.cc/300?img=14,Champion,gold,5
Puma Premium Backpack,"https://images.unsplash.com/photo-1553062407-98eeb64c6a62?auto=format&fit=crop&w=800&q=85,https://images.unsplash.com/photo-1553062407-98eeb64c6a62?auto=format&fit=crop&w=900&q=85,https://images.unsplash.com/photo-1553062407-98eeb64c6a62?auto=format&fit=crop&w=1000&q=85,https://images.unsplash.com/photo-1553062407-98eeb64c6a62?auto=format&fit=crop&w=700&q=85,https://images.unsplash.com/photo-1553062407-98eeb64c6a62?auto=format&fit=crop&w=600&q=85",10135,14290,dollar,14,gadgets,gadgets@example.com,"35 Central Road, Port",2348458977413,https://i.pravatar.cc/300?img=15,Puma,green,3.5
Thermos Pro Water Bottle,"https://images.unsplash.com/photo-1602143407151-7111542de6e8?auto=format&fit=crop&w=800&q=85,https://images.unsplash.com/photo-1602143407151-7111542de6e8?auto=format&fit=crop&w=900&q=85,https://images.unsplash.com/photo-1602143407151-7111542de6e8?auto=format&fit=crop&w=1000&q=85,https://images.unsplash.com/photo-1602143407151-7111542de6e8?auto=format&fit=crop&w=700&q=85,https://images.unsplash.com/photo-1602143407151-7111542de6e8?auto=format&fit=crop&w=600&q=85",2448,18423,dollar,15,quickbuy,quickbuy@example.com,"50 Allen Road, Benin",2347819218893,https://i.pravatar.cc/300?img=16,Thermos,gray,5
ESR Flex Phone Case,"https://images.unsplash.com/photo-1601784551446-20c9e07cdbdb?auto=format&fit=crop&w=800&q=85,https://images.unsplash.com/photo-1601784551446-20c9e07cdbdb?auto=format&fit=crop&w=900&q=85,https://images.unsplash.com/photo-1601784551446-20c9e07cdbdb?auto=format&fit=crop&w=1000&q=85,https://images.unsplash.com/photo-1601784551446-20c9e07cdbdb?auto=format&fit=crop&w=700&q=85,https://images.unsplash.com/photo-1601784551446-20c9e07cdbdb?auto=format&fit=crop&w=600&q=85",6730,12113,dollar,16,stylecorner,stylecorner@example.com,"19 Market Road, Kano",2348242771681,https://i.pravatar.cc/300?img=17,ESR,navy,4
UGREEN Max Laptop Stand,"https://images.unsplash.com/photo-1527864550417-7fd91fc51a46?auto=format&fit=crop&w=800&q=85,https://images.unsplash.com/photo-1527864550417-7fd91fc51a46?auto=format&fit=crop&w=900&q=85,https://images.unsplash.com/photo-1527864550417-7fd91fc51a46?auto=format&fit=crop&w=1000&q=85,https://images.unsplash.com/photo-1527864550417-7fd91fc51a46?auto=format&fit=crop&w=700&q=85,https://images.unsplash.com/photo-1527864550417-7fd91fc51a46?auto=format&fit=crop&w=600&q=85",4012,7281,dollar,17,megashop,megashop@example.com,"56 Broad Road, Enugu",2348961847407,https://i.pravatar.cc/300?img=18,UGREEN,red,3.5
Paperblanks Sport Notebook,"https://images.unsplash.com/photo-1531346878377-a5be20888e57?auto=format&fit=crop&w=800&q=85,https://images.unsplash.com/photo-1531346878377-a5be20888e57?auto=format&fit=crop&w=900&q=85,https://images.unsplash.com/photo-1531346878377-a5be20888e57?auto=format&fit=crop&w=1000&q=85,https://images.unsplash.com/photo-1531346878377-a5be20888e57?auto=format&fit=crop&w=700&q=85,https://images.unsplash.com/photo-1531346878377-a5be20888e57?auto=format&fit=crop&w=600&q=85",5264,13000,dollar,18,topshelf,topshelf@example.com,"57 Broad Road, Kaduna",2348757255090,https://i.pravatar.cc/300?img=19,Paperblanks,black,5
IKEA Flex Coffee Mug,"https://images.unsplash.com/photo-1514228742587-6b1558fcca3d?auto=format&fit=crop&w=800&q=85,https://images.unsplash.com/photo-1514228742587-6b1558fcca3d?auto=format&fit=crop&w=900&q=85,https://images.unsplash.com/photo-1514228742587-6b1558fcca3d?auto=format&fit=crop&w=1000&q=85,https://images.unsplash.com/photo-1514228742587-6b1558fcca3d?auto=format&fit=crop&w=700&q=85,https://images.unsplash.com/photo-1514228742587-6b1558fcca3d?auto=format&fit=crop&w=600&q=85",12385,1959,dollar,19,expressstore,expressstore@example.com,"31 Allen Road, Ilorin",2348013767157,https://i.pravatar.cc/300?img=20,IKEA,white,5
Xiaomi Ultra Desk Lamp,"https://images.unsplash.com/photo-1507473885765-e6ed057f782c?auto=format&fit=crop&w=800&q=85,https://images.unsplash.com/photo-1507473885765-e6ed057f782c?auto=format&fit=crop&w=900&q=85,https://images.unsplash.com/photo-1507473885765-e6ed057f782c?auto=format&fit=crop&w=1000&q=85,https://images.unsplash.com/photo-1507473885765-e6ed057f782c?auto=format&fit=crop&w=700&q=85,https://images.unsplash.com/photo-1507473885765-e6ed057f782c?auto=format&fit=crop&w=600&q=85",12736,2941,dollar,20,modernmall,modernmall@example.com,"55 Broad Road, Abeokuta",2348563813510,https://i.pravatar.cc/300?img=21,Xiaomi,green,3.5
Dell Ultra Laptop,"https://images.unsplash.com/photo-1517336714731-489689fd1ca8?auto=format&fit=crop&w=800&q=85,https://images.unsplash.com/photo-1517336714731-489689fd1ca8?auto=format&fit=crop&w=900&q=85,https://images.unsplash.com/photo-1517336714731-489689fd1ca8?auto=format&fit=crop&w=1000&q=85,https://images.unsplash.com/photo-1517336714731-489689fd1ca8?auto=format&fit=crop&w=700&q=85,https://images.unsplash.com/photo-1517336714731-489689fd1ca8?auto=format&fit=crop&w=600&q=85",18577,15214,dollar,1,techhub,techhub@example.com,"60 Broad Road, Lagos",2347214844820,https://i.pravatar.cc/300?img=2,Dell,black,4.5
Tecno Ultra Smartphone,"https://images.unsplash.com/photo-1511707171634-5f897ff02aa9?auto=format&fit=crop&w=800&q=85,https://images.unsplash.com/photo-1511707171634-5f897ff02aa9?auto=format&fit=crop&w=900&q=85,https://images.unsplash.com/photo-1511707171634-5f897ff02aa9?auto=format&fit=crop&w=1000&q=85,https://images.unsplash.com/photo-1511707171634-5f897ff02aa9?auto=format&fit=crop&w=700&q=85,https://images.unsplash.com/photo-1511707171634-5f897ff02aa9?auto=format&fit=crop&w=600&q=85",14715,4521,dollar,2,gadgetpoint,gadgetpoint@example.com,"43 Broad Road, Abuja",2348385468573,https://i.pravatar.cc/300?img=3,Tecno,black,5
Soundcore Elite Wireless Headset,"https://images.unsplash.com/photo-1505740420928-5e560c06d30e?auto=format&fit=crop&w=800&q=85,https://images.unsplash.com/photo-1505740420928-5e560c06d30e?auto=format&fit=crop&w=900&q=85,https://images.unsplash.com/photo-1505740420928-5e560c06d30e?auto=format&fit=crop&w=1000&q=85,https://images.unsplash.com/photo-1505740420928-5e560c06d30e?auto=format&fit=crop&w=700&q=85,https://images.unsplash.com/photo-1505740420928-5e560c06d30e?auto=format&fit=crop&w=600&q=85",12890,9069,dollar,3,urbangoods,urbangoods@example.com,"19 Allen Road, Ibadan",2348814656458,https://i.pravatar.cc/300?img=4,Soundcore,gray,4
Amazfit Flex Smart Watch,"https://images.unsplash.com/photo-1523275335684-37898b6baf30?auto=format&fit=crop&w=800&q=85,https://images.unsplash.com/photo-1523275335684-37898b6baf30?auto=format&fit=crop&w=900&q=85,https://images.unsplash.com/photo-1523275335684-37898b6baf30?auto=format&fit=crop&w=1000&q=85,https://images.unsplash.com/photo-1523275335684-37898b6baf30?auto=format&fit=crop&w=700&q=85,https://images.unsplash.com/photo-1523275335684-37898b6baf30?auto=format&fit=crop&w=600&q=85",12934,19456,dollar,4,primeretail,primeretail@example.com,"65 Allen Road, Port",2347244215905,https://i.pravatar.cc/300?img=5,Amazfit,white,3.5
Razer Sport Keyboard,"https://images.unsplash.com/photo-1519389950473-47ba0277781c?auto=format&fit=crop&w=800&q=85,https://images.unsplash.com/photo-1519389950473-47ba0277781c?auto=format&fit=crop&w=900&q=85,https://images.unsplash.com/photo-1519389950473-47ba0277781c?auto=format&fit=crop&w=1000&q=85,https://images.unsplash.com/photo-1519389950473-47ba0277781c?auto=format&fit=crop&w=700&q=85,https://images.unsplash.com/photo-1519389950473-47ba0277781c?auto=format&fit=crop&w=600&q=85",14523,15757,dollar,5,digitalhouse,digitalhouse@example.com,"46 Broad Road, Benin",2347339076511,https://i.pravatar.cc/300?img=6,Razer,white,4
SteelSeries Premium Gaming Mouse,"https://images.unsplash.com/photo-1587825140708-dfaf72ae4b04?auto=format&fit=crop&w=800&q=85,https://images.unsplash.com/photo-1587825140708-dfaf72ae4b04?auto=format&fit=crop&w=900&q=85,https://images.unsplash.com/photo-1587825140708-dfaf72ae4b04?auto=format&fit=crop&w=1000&q=85,https://images.unsplash.com/photo-1587825140708-dfaf72ae4b04?auto=format&fit=crop&w=700&q=85,https://images.unsplash.com/photo-1587825140708-dfaf72ae4b04?auto=format&fit=crop&w=600&q=85",3250,18698,dollar,6,smartchoice,smartchoice@example.com,"42 Allen Road, Kano",2348445752683,https://i.pravatar.cc/300?img=7,SteelSeries,green,4
Arozzi Classic Gaming Chair,"https://images.unsplash.com/photo-1582582494700-f9f9d61d5c2b?auto=format&fit=crop&w=800&q=85,https://images.unsplash.com/photo-1582582494700-f9f9d61d5c2b?auto=format&fit=crop&w=900&q=85,https://images.unsplash.com/photo-1582582494700-f9f9d61d5c2b?auto=format&fit=crop&w=1000&q=85,https://images.unsplash.com/photo-1582582494700-f9f9d61d5c2b?auto=format&fit=crop&w=700&q=85,https://images.unsplash.com/photo-1582582494700-f9f9d61d5c2b?auto=format&fit=crop&w=600&q=85",17072,20297,dollar,7,metromarket,metromarket@example.com,"42 Market Road, Enugu",2348022334318,https://i.pravatar.cc/300?img=8,Arozzi,red,4
Xiaomi Ultra Tablet,"https://images.unsplash.com/photo-1587829741301-dc798b83add3?auto=format&fit=crop&w=800&q=85,https://images.unsplash.com/photo-1587829741301-dc798b83add3?auto=format&fit=crop&w=900&q=85,https://images.unsplash.com/photo-1587829741301-dc798b83add3?auto=format&fit=crop&w=1000&q=85,https://images.unsplash.com/photo-1587829741301-dc798b83add3?auto=format&fit=crop&w=700&q=85,https://images.unsplash.com/photo-1587829741301-dc798b83add3?auto=format&fit=crop&w=600&q=85",17415,14536,dollar,8,nextgenshop,nextgenshop@example.com,"56 Allen Road, Kaduna",2348020992720,https://i.pravatar.cc/300?img=9,Xiaomi,gray,5
Bose Premium Bluetooth Speaker,"https://images.unsplash.com/photo-1585386959984-a4155224a1f9?auto=format&fit=crop&w=800&q=85,https://images.unsplash.com/photo-1585386959984-a4155224a1f9?auto=format&fit=crop&w=900&q=85,https://images.unsplash.com/photo-1585386959984-a4155224a1f9?auto=format&fit=crop&w=1000&q=85,https://images.unsplash.com/photo-1585386959984-a4155224a1f9?auto=format&fit=crop&w=700&q=85,https://images.unsplash.com/photo-1585386959984-a4155224a1f9?auto=format&fit=crop&w=600&q=85",12292,9214,dollar,9,elitestore,elitestore@example.com,"71 Airport Road, Ilorin",2348264163822,https://i.pravatar.cc/300?img=10,Bose,navy,5
Canon Plus Camera,"https://images.unsplash.com/photo-1519183071298-a2962e402c5d?auto=format&fit=crop&w=800&q=85,https://images.unsplash.com/photo-1519183071298-a2962e402c5d?auto=format&fit=crop&w=900&q=85,https://images.unsplash.com/photo-1519183071298-a2962e402c5d?auto=format&fit=crop&w=1000&q=85,https://images.unsplash.com/photo-1519183071298-a2962e402c5d?auto=format&fit=crop&w=700&q=85,https://images.unsplash.com/photo-1519183071298-a2962e402c5d?auto=format&fit=crop&w=600&q=85",9669,12229,dollar,10,dailydeals,dailydeals@example.com,"66 Market Road, Abeokuta",2347950568131,https://i.pravatar.cc/300?img=11,Canon,silver,4
Nike Ultra Running Shoe,"https://images.unsplash.com/photo-1542291026-7eec264c27ff?auto=format&fit=crop&w=800&q=85,https://images.unsplash.com/photo-1542291026-7eec264c27ff?auto=format&fit=crop&w=900&q=85,https://images.unsplash.com/photo-1542291026-7eec264c27ff?auto=format&fit=crop&w=1000&q=85,https://images.unsplash.com/photo-1542291026-7eec264c27ff?auto=format&fit=crop&w=700&q=85,https://images.unsplash.com/photo-1542291026-7eec264c27ff?auto=format&fit=crop&w=600&q=85",8742,20710,dollar,11,trendhouse,trendhouse@example.com,"14 Allen Road, Lagos",2348522876696,https://i.pravatar.cc/300?img=12,Nike,silver,4
Seiko Plus Wrist Watch,"https://images.unsplash.com/photo-1512436991641-6745cdb1723f?auto=format&fit=crop&w=800&q=85,https://images.unsplash.com/photo-1512436991641-6745cdb1723f?auto=format&fit=crop&w=900&q=85,https://images.unsplash.com/photo-1512436991641-6745cdb1723f?auto=format&fit=crop&w=1000&q=85,https://images.unsplash.com/photo-1512436991641-6745cdb1723f?auto=format&fit=crop&w=700&q=85,https://images.unsplash.com/photo-1512436991641-6745cdb1723f?auto=format&fit=crop&w=600&q=85",14915,8782,dollar,12,valuemart,valuemart@example.com,"57 Central Road, Abuja",2348009654202,https://i.pravatar.cc/300?img=13,Seiko,navy,3
Nike Air T-Shirt,"https://images.unsplash.com/photo-1521572267360-ee0c2909d518?auto=format&fit=crop&w=800&q=85,https://images.unsplash.com/photo-1521572267360-ee0c2909d518?auto=format&fit=crop&w=900&q=85,https://images.unsplash.com/photo-1521572267360-ee0c2909d518?auto=format&fit=crop&w=1000&q=85,https://images.unsplash.com/photo-1521572267360-ee0c2909d518?auto=format&fit=crop&w=700&q=85,https://images.unsplash.com/photo-1521572267360-ee0c2909d518?auto=format&fit=crop&w=600&q=85",12026,7008,dollar,13,novastore,novastore@example.com,"28 Airport Road, Ibadan",2348227052899,https://i.pravatar.cc/300?img=14,Nike,red,3
Nike Air Backpack,"https://images.unsplash.com/photo-1553062407-98eeb64c6a62?auto=format&fit=crop&w=800&q=85,https://images.unsplash.com/photo-1553062407-98eeb64c6a62?auto=format&fit=crop&w=900&q=85,https://images.unsplash.com/photo-1553062407-98eeb64c6a62?auto=format&fit=crop&w=1000&q=85,https://images.unsplash.com/photo-1553062407-98eeb64c6a62?auto=format&fit=crop&w=700&q=85,https://images.unsplash.com/photo-1553062407-98eeb64c6a62?auto=format&fit=crop&w=600&q=85",6352,10372,dollar,14,gadgets,gadgets@example.com,"18 Central Road, Port",2348470817798,https://i.pravatar.cc/300?img=15,Nike,gray,4.5
Thermos Classic Water Bottle,"https://images.unsplash.com/photo-1602143407151-7111542de6e8?auto=format&fit=crop&w=800&q=85,https://images.unsplash.com/photo-1602143407151-7111542de6e8?auto=format&fit=crop&w=900&q=85,https://images.unsplash.com/photo-1602143407151-7111542de6e8?auto=format&fit=crop&w=1000&q=85,https://images.unsplash.com/photo-1602143407151-7111542de6e8?auto=format&fit=crop&w=700&q=85,https://images.unsplash.com/photo-1602143407151-7111542de6e8?auto=format&fit=crop&w=600&q=85",12577,15451,dollar,15,quickbuy,quickbuy@example.com,"80 Market Road, Benin",2348166875967,https://i.pravatar.cc/300?img=16,Thermos,blue,5
OtterBox Plus Phone Case,"https://images.unsplash.com/photo-1601784551446-20c9e07cdbdb?auto=format&fit=crop&w=800&q=85,https://images.unsplash.com/photo-1601784551446-20c9e07cdbdb?auto=format&fit=crop&w=900&q=85,https://images.unsplash.com/photo-1601784551446-20c9e07cdbdb?auto=format&fit=crop&w=1000&q=85,https://images.unsplash.com/photo-1601784551446-20c9e07cdbdb?auto=format&fit=crop&w=700&q=85,https://images.unsplash.com/photo-1601784551446-20c9e07cdbdb?auto=format&fit=crop&w=600&q=85",4087,16784,dollar,16,stylecorner,stylecorner@example.com,"25 Airport Road, Kano",2348235694466,https://i.pravatar.cc/300?img=17,OtterBox,silver,4.5
Satechi Plus Laptop Stand,"https://images.unsplash.com/photo-1527864550417-7fd91fc51a46?auto=format&fit=crop&w=800&q=85,https://images.unsplash.com/photo-1527864550417-7fd91fc51a46?auto=format&fit=crop&w=900&q=85,https://images.unsplash.com/photo-1527864550417-7fd91fc51a46?auto=format&fit=crop&w=1000&q=85,https://images.unsplash.com/photo-1527864550417-7fd91fc51a46?auto=format&fit=crop&w=700&q=85,https://images.unsplash.com/photo-1527864550417-7fd91fc51a46?auto=format&fit=crop&w=600&q=85",5103,10007,dollar,17,megashop,megashop@example.com,"6 Allen Road, Enugu",2348687263731,https://i.pravatar.cc/300?img=18,Satechi,red,3.5
Leuchtturm1917 Max Notebook,"https://images.unsplash.com/photo-1531346878377-a5be20888e57?auto=format&fit=crop&w=800&q=85,https://images.unsplash.com/photo-1531346878377-a5be20888e57?auto=format&fit=crop&w=900&q=85,https://images.unsplash.com/photo-1531346878377-a5be20888e57?auto=format&fit=crop&w=1000&q=85,https://images.unsplash.com/photo-1531346878377-a5be20888e57?auto=format&fit=crop&w=700&q=85,https://images.unsplash.com/photo-1531346878377-a5be20888e57?auto=format&fit=crop&w=600&q=85",14764,5025,dollar,18,topshelf,topshelf@example.com,"84 Central Road, Kaduna",2347561063550,https://i.pravatar.cc/300?img=19,Leuchtturm1917,brown,4.5
Stanley Ultra Coffee Mug,"https://images.unsplash.com/photo-1514228742587-6b1558fcca3d?auto=format&fit=crop&w=800&q=85,https://images.unsplash.com/photo-1514228742587-6b1558fcca3d?auto=format&fit=crop&w=900&q=85,https://images.unsplash.com/photo-1514228742587-6b1558fcca3d?auto=format&fit=crop&w=1000&q=85,https://images.unsplash.com/photo-1514228742587-6b1558fcca3d?auto=format&fit=crop&w=700&q=85,https://images.unsplash.com/photo-1514228742587-6b1558fcca3d?auto=format&fit=crop&w=600&q=85",12356,6656,dollar,19,expressstore,expressstore@example.com,"50 Airport Road, Ilorin",2347957636184,https://i.pravatar.cc/300?img=20,Stanley,black,4.5
IKEA Air Desk Lamp,"https://images.unsplash.com/photo-1507473885765-e6ed057f782c?auto=format&fit=crop&w=800&q=85,https://images.unsplash.com/photo-1507473885765-e6ed057f782c?auto=format&fit=crop&w=900&q=85,https://images.unsplash.com/photo-1507473885765-e6ed057f782c?auto=format&fit=crop&w=1000&q=85,https://images.unsplash.com/photo-1507473885765-e6ed057f782c?auto=format&fit=crop&w=700&q=85,https://images.unsplash.com/photo-1507473885765-e6ed057f782c?auto=format&fit=crop&w=600&q=85",9962,4327,dollar,20,modernmall,modernmall@example.com,"31 Market Road, Abeokuta",2348332862116,https://i.pravatar.cc/300?img=21,IKEA,navy,4
Lenovo Max Laptop,"https://images.unsplash.com/photo-1517336714731-489689fd1ca8?auto=format&fit=crop&w=800&q=85,https://images.unsplash.com/photo-1517336714731-489689fd1ca8?auto=format&fit=crop&w=900&q=85,https://images.unsplash.com/photo-1517336714731-489689fd1ca8?auto=format&fit=crop&w=1000&q=85,https://images.unsplash.com/photo-1517336714731-489689fd1ca8?auto=format&fit=crop&w=700&q=85,https://images.unsplash.com/photo-1517336714731-489689fd1ca8?auto=format&fit=crop&w=600&q=85",14414,7745,dollar,1,techhub,techhub@example.com,"98 Allen Road, Lagos",2348673381555,https://i.pravatar.cc/300?img=2,Lenovo,navy,5
Infinix Ultra Smartphone,"https://images.unsplash.com/photo-1511707171634-5f897ff02aa9?auto=format&fit=crop&w=800&q=85,https://images.unsplash.com/photo-1511707171634-5f897ff02aa9?auto=format&fit=crop&w=900&q=85,https://images.unsplash.com/photo-1511707171634-5f897ff02aa9?auto=format&fit=crop&w=1000&q=85,https://images.unsplash.com/photo-1511707171634-5f897ff02aa9?auto=format&fit=crop&w=700&q=85,https://images.unsplash.com/photo-1511707171634-5f897ff02aa9?auto=format&fit=crop&w=600&q=85",18246,15975,dollar,2,gadgetpoint,gadgetpoint@example.com,"41 Central Road, Abuja",2348800977349,https://i.pravatar.cc/300?img=3,Infinix,gray,3
Soundcore Max Wireless Headset,"https://images.unsplash.com/photo-1505740420928-5e560c06d30e?auto=format&fit=crop&w=800&q=85,https://images.unsplash.com/photo-1505740420928-5e560c06d30e?auto=format&fit=crop&w=900&q=85,https://images.unsplash.com/photo-1505740420928-5e560c06d30e?auto=format&fit=crop&w=1000&q=85,https://images.unsplash.com/photo-1505740420928-5e560c06d30e?auto=format&fit=crop&w=700&q=85,https://images.unsplash.com/photo-1505740420928-5e560c06d30e?auto=format&fit=crop&w=600&q=85",5089,18205,dollar,3,urbangoods,urbangoods@example.com,"70 Allen Road, Ibadan",2348079714695,https://i.pravatar.cc/300?img=4,Soundcore,blue,3.5
Xiaomi Plus Smart Watch,"https://images.unsplash.com/photo-1523275335684-37898b6baf30?auto=format&fit=crop&w=800&q=85,https://images.unsplash.com/photo-1523275335684-37898b6baf30?auto=format&fit=crop&w=900&q=85,https://images.unsplash.com/photo-1523275335684-37898b6baf30?auto=format&fit=crop&w=1000&q=85,https://images.unsplash.com/photo-1523275335684-37898b6baf30?auto=format&fit=crop&w=700&q=85,https://images.unsplash.com/photo-1523275335684-37898b6baf30?auto=format&fit=crop&w=600&q=85",13278,13867,dollar,4,primeretail,primeretail@example.com,"98 Broad Road, Port",2347793077797,https://i.pravatar.cc/300?img=5,Xiaomi,gray,4
Logitech Premium Keyboard,"https://images.unsplash.com/photo-1519389950473-47ba0277781c?auto=format&fit=crop&w=800&q=85,https://images.unsplash.com/photo-1519389950473-47ba0277781c?auto=format&fit=crop&w=900&q=85,https://images.unsplash.com/photo-1519389950473-47ba0277781c?auto=format&fit=crop&w=1000&q=85,https://images.unsplash.com/photo-1519389950473-47ba0277781c?auto=format&fit=crop&w=700&q=85,https://images.unsplash.com/photo-1519389950473-47ba0277781c?auto=format&fit=crop&w=600&q=85",4281,14716,dollar,5,digitalhouse,digitalhouse@example.com,"63 Market Road, Benin",2348974971569,https://i.pravatar.cc/300?img=6,Logitech,navy,5
Redragon Pro Gaming Mouse,"https://images.unsplash.com/photo-1587825140708-dfaf72ae4b04?auto=format&fit=crop&w=800&q=85,https://images.unsplash.com/photo-1587825140708-dfaf72ae4b04?auto=format&fit=crop&w=900&q=85,https://images.unsplash.com/photo-1587825140708-dfaf72ae4b04?auto=format&fit=crop&w=1000&q=85,https://images.unsplash.com/photo-1587825140708-dfaf72ae4b04?auto=format&fit=crop&w=700&q=85,https://images.unsplash.com/photo-1587825140708-dfaf72ae4b04?auto=format&fit=crop&w=600&q=85",11787,1042,dollar,6,smartchoice,smartchoice@example.com,"19 Central Road, Kano",2347305909492,https://i.pravatar.cc/300?img=7,Redragon,blue,4
Arozzi Pro Gaming Chair,"https://images.unsplash.com/photo-1582582494700-f9f9d61d5c2b?auto=format&fit=crop&w=800&q=85,https://images.unsplash.com/photo-1582582494700-f9f9d61d5c2b?auto=format&fit=crop&w=900&q=85,https://images.unsplash.com/photo-1582582494700-f9f9d61d5c2b?auto=format&fit=crop&w=1000&q=85,https://images.unsplash.com/photo-1582582494700-f9f9d61d5c2b?auto=format&fit=crop&w=700&q=85,https://images.unsplash.com/photo-1582582494700-f9f9d61d5c2b?auto=format&fit=crop&w=600&q=85",16650,14585,dollar,7,metromarket,metromarket@example.com,"43 Allen Road, Enugu",2347278521998,https://i.pravatar.cc/300?img=8,Arozzi,red,3.5
Samsung Max Tablet,"https://images.unsplash.com/photo-1587829741301-dc798b83add3?auto=format&fit=crop&w=800&q=85,https://images.unsplash.com/photo-1587829741301-dc798b83add3?auto=format&fit=crop&w=900&q=85,https://images.unsplash.com/photo-1587829741301-dc798b83add3?auto=format&fit=crop&w=1000&q=85,https://images.unsplash.com/photo-1587829741301-dc798b83add3?auto=format&fit=crop&w=700&q=85,https://images.unsplash.com/photo-1587829741301-dc798b83add3?auto=format&fit=crop&w=600&q=85",20167,18237,dollar,8,nextgenshop,nextgenshop@example.com,"65 Market Road, Kaduna",2348888064070,https://i.pravatar.cc/300?img=9,Samsung,blue,5
Oraimo Premium Bluetooth Speaker,"https://images.unsplash.com/photo-1585386959984-a4155224a1f9?auto=format&fit=crop&w=800&q=85,https://images.unsplash.com/photo-1585386959984-a4155224a1f9?auto=format&fit=crop&w=900&q=85,https://images.unsplash.com/photo-1585386959984-a4155224a1f9?auto=format&fit=crop&w=1000&q=85,https://images.unsplash.com/photo-1585386959984-a4155224a1f9?auto=format&fit=crop&w=700&q=85,https://images.unsplash.com/photo-1585386959984-a4155224a1f9?auto=format&fit=crop&w=600&q=85",9192,1397,dollar,9,elitestore,elitestore@example.com,"4 Market Road, Ilorin",2348415941798,https://i.pravatar.cc/300?img=10,Oraimo,navy,3
Nikon Plus Camera,"https://images.unsplash.com/photo-1519183071298-a2962e402c5d?auto=format&fit=crop&w=800&q=85,https://images.unsplash.com/photo-1519183071298-a2962e402c5d?auto=format&fit=crop&w=900&q=85,https://images.unsplash.com/photo-1519183071298-a2962e402c5d?auto=format&fit=crop&w=1000&q=85,https://images.unsplash.com/photo-1519183071298-a2962e402c5d?auto=format&fit=crop&w=700&q=85,https://images.unsplash.com/photo-1519183071298-a2962e402c5d?auto=format&fit=crop&w=600&q=85",11802,1904,dollar,10,dailydeals,dailydeals@example.com,"72 Broad Road, Abeokuta",2347529315846,https://i.pravatar.cc/300?img=11,Nikon,blue,3.5
Puma Max Running Shoe,"https://images.unsplash.com/photo-1542291026-7eec264c27ff?auto=format&fit=crop&w=800&q=85,https://images.unsplash.com/photo-1542291026-7eec264c27ff?auto=format&fit=crop&w=900&q=85,https://images.unsplash.com/photo-1542291026-7eec264c27ff?auto=format&fit=crop&w=1000&q=85,https://images.unsplash.com/photo-1542291026-7eec264c27ff?auto=format&fit=crop&w=700&q=85,https://images.unsplash.com/photo-1542291026-7eec264c27ff?auto=format&fit=crop&w=600&q=85",16451,14801,dollar,11,trendhouse,trendhouse@example.com,"24 Broad Road, Lagos",2347058302866,https://i.pravatar.cc/300?img=12,Puma,silver,4
Seiko Ultra Wrist Watch,"https://images.unsplash.com/photo-1512436991641-6745cdb1723f?auto=format&fit=crop&w=800&q=85,https://images.unsplash.com/photo-1512436991641-6745cdb1723f?auto=format&fit=crop&w=900&q=85,https://images.unsplash.com/photo-1512436991641-6745cdb1723f?auto=format&fit=crop&w=1000&q=85,https://images.unsplash.com/photo-1512436991641-6745cdb1723f?auto=format&fit=crop&w=700&q=85,https://images.unsplash.com/photo-1512436991641-6745cdb1723f?auto=format&fit=crop&w=600&q=85",9936,11947,dollar,12,valuemart,valuemart@example.com,"16 Broad Road, Abuja",2347489972345,https://i.pravatar.cc/300?img=13,Seiko,navy,3.5
Nike Ultra T-Shirt,"https://images.unsplash.com/photo-1521572267360-ee0c2909d518?auto=format&fit=crop&w=800&q=85,https://images.unsplash.com/photo-1521572267360-ee0c2909d518?auto=format&fit=crop&w=900&q=85,https://images.unsplash.com/photo-1521572267360-ee0c2909d518?auto=format&fit=crop&w=1000&q=85,https://images.unsplash.com/photo-1521572267360-ee0c2909d518?auto=format&fit=crop&w=700&q=85,https://images.unsplash.com/photo-1521572267360-ee0c2909d518?auto=format&fit=crop&w=600&q=85",3607,1933,dollar,13,novastore,novastore@example.com,"22 Market Road, Ibadan",2348152018814,https://i.pravatar.cc/300?img=14,Nike,silver,4
Puma Plus Backpack,"https://images.unsplash.com/photo-1553062407-98eeb64c6a62?auto=format&fit=crop&w=800&q=85,https://images.unsplash.com/photo-1553062407-98eeb64c6a62?auto=format&fit=crop&w=900&q=85,https://images.unsplash.com/photo-1553062407-98eeb64c6a62?auto=format&fit=crop&w=1000&q=85,https://images.unsplash.com/photo-1553062407-98eeb64c6a62?auto=format&fit=crop&w=700&q=85,https://images.unsplash.com/photo-1553062407-98eeb64c6a62?auto=format&fit=crop&w=600&q=85",9271,16649,dollar,14,gadgets,gadgets@example.com,"92 Allen Road, Port",2348916609755,https://i.pravatar.cc/300?img=15,Puma,red,3.5
Thermos Ultra Water Bottle,"https://images.unsplash.com/photo-1602143407151-7111542de6e8?auto=format&fit=crop&w=800&q=85,https://images.unsplash.com/photo-1602143407151-7111542de6e8?auto=format&fit=crop&w=900&q=85,https://images.unsplash.com/photo-1602143407151-7111542de6e8?auto=format&fit=crop&w=1000&q=85,https://images.unsplash.com/photo-1602143407151-7111542de6e8?auto=format&fit=crop&w=700&q=85,https://images.unsplash.com/photo-1602143407151-7111542de6e8?auto=format&fit=crop&w=600&q=85",8125,2808,dollar,15,quickbuy,quickbuy@example.com,"98 Allen Road, Benin",2348122505092,https://i.pravatar.cc/300?img=16,Thermos,white,3
Ringke Pro Phone Case,"https://images.unsplash.com/photo-1601784551446-20c9e07cdbdb?auto=format&fit=crop&w=800&q=85,https://images.unsplash.com/photo-1601784551446-20c9e07cdbdb?auto=format&fit=crop&w=900&q=85,https://images.unsplash.com/photo-1601784551446-20c9e07cdbdb?auto=format&fit=crop&w=1000&q=85,https://images.unsplash.com/photo-1601784551446-20c9e07cdbdb?auto=format&fit=crop&w=700&q=85,https://images.unsplash.com/photo-1601784551446-20c9e07cdbdb?auto=format&fit=crop&w=600&q=85",14395,8610,dollar,16,stylecorner,stylecorner@example.com,"97 Market Road, Kano",2348888371189,https://i.pravatar.cc/300?img=17,Ringke,blue,3.5
Baseus Ultra Laptop Stand,"https://images.unsplash.com/photo-1527864550417-7fd91fc51a46?auto=format&fit=crop&w=800&q=85,https://images.unsplash.com/photo-1527864550417-7fd91fc51a46?auto=format&fit=crop&w=900&q=85,https://images.unsplash.com/photo-1527864550417-7fd91fc51a46?auto=format&fit=crop&w=1000&q=85,https://images.unsplash.com/photo-1527864550417-7fd91fc51a46?auto=format&fit=crop&w=700&q=85,https://images.unsplash.com/photo-1527864550417-7fd91fc51a46?auto=format&fit=crop&w=600&q=85",14774,7344,dollar,17,megashop,megashop@example.com,"57 Airport Road, Enugu",2348375735778,https://i.pravatar.cc/300?img=18,Baseus,blue,5
Rhodia Max Notebook,"https://images.unsplash.com/photo-1531346878377-a5be20888e57?auto=format&fit=crop&w=800&q=85,https://images.unsplash.com/photo-1531346878377-a5be20888e57?auto=format&fit=crop&w=900&q=85,https://images.unsplash.com/photo-1531346878377-a5be20888e57?auto=format&fit=crop&w=1000&q=85,https://images.unsplash.com/photo-1531346878377-a5be20888e57?auto=format&fit=crop&w=700&q=85,https://images.unsplash.com/photo-1531346878377-a5be20888e57?auto=format&fit=crop&w=600&q=85",8663,17701,dollar,18,topshelf,topshelf@example.com,"65 Central Road, Kaduna",2347691730515,https://i.pravatar.cc/300?img=19,Rhodia,white,3
IKEA Flex Coffee Mug,"https://images.unsplash.com/photo-1514228742587-6b1558fcca3d?auto=format&fit=crop&w=800&q=85,https://images.unsplash.com/photo-1514228742587-6b1558fcca3d?auto=format&fit=crop&w=900&q=85,https://images.unsplash.com/photo-1514228742587-6b1558fcca3d?auto=format&fit=crop&w=1000&q=85,https://images.unsplash.com/photo-1514228742587-6b1558fcca3d?auto=format&fit=crop&w=700&q=85,https://images.unsplash.com/photo-1514228742587-6b1558fcca3d?auto=format&fit=crop&w=600&q=85",5261,17320,dollar,19,expressstore,expressstore@example.com,"65 Allen Road, Ilorin",2348714678552,https://i.pravatar.cc/300?img=20,IKEA,red,4
Philips Elite Desk Lamp,"https://images.unsplash.com/photo-1507473885765-e6ed057f782c?auto=format&fit=crop&w=800&q=85,https://images.unsplash.com/photo-1507473885765-e6ed057f782c?auto=format&fit=crop&w=900&q=85,https://images.unsplash.com/photo-1507473885765-e6ed057f782c?auto=format&fit=crop&w=1000&q=85,https://images.unsplash.com/photo-1507473885765-e6ed057f782c?auto=format&fit=crop&w=700&q=85,https://images.unsplash.com/photo-1507473885765-e6ed057f782c?auto=format&fit=crop&w=600&q=85",7274,7415,dollar,20,modernmall,modernmall@example.com,"57 Airport Road, Abeokuta",2347048365337,https://i.pravatar.cc/300?img=21,Philips,gray,4
Asus Ultra Laptop,"https://images.unsplash.com/photo-1517336714731-489689fd1ca8?auto=format&fit=crop&w=800&q=85,https://images.unsplash.com/photo-1517336714731-489689fd1ca8?auto=format&fit=crop&w=900&q=85,https://images.unsplash.com/photo-1517336714731-489689fd1ca8?auto=format&fit=crop&w=1000&q=85,https://images.unsplash.com/photo-1517336714731-489689fd1ca8?auto=format&fit=crop&w=700&q=85,https://images.unsplash.com/photo-1517336714731-489689fd1ca8?auto=format&fit=crop&w=600&q=85",13380,19065,dollar,1,techhub,techhub@example.com,"69 Allen Road, Lagos",2347473326531,https://i.pravatar.cc/300?img=2,Asus,silver,5
Xiaomi Sport Smartphone,"https://images.unsplash.com/photo-1511707171634-5f897ff02aa9?auto=format&fit=crop&w=800&q=85,https://images.unsplash.com/photo-1511707171634-5f897ff02aa9?auto=format&fit=crop&w=900&q=85,https://images.unsplash.com/photo-1511707171634-5f897ff02aa9?auto=format&fit=crop&w=1000&q=85,https://images.unsplash.com/photo-1511707171634-5f897ff02aa9?auto=format&fit=crop&w=700&q=85,https://images.unsplash.com/photo-1511707171634-5f897ff02aa9?auto=format&fit=crop&w=600&q=85",20168,12261,dollar,2,gadgetpoint,gadgetpoint@example.com,"85 Broad Road, Abuja",2347764432809,https://i.pravatar.cc/300?img=3,Xiaomi,blue,5
JBL Flex Wireless Headset,"https://images.unsplash.com/photo-1505740420928-5e560c06d30e?auto=format&fit=crop&w=800&q=85,https://images.unsplash.com/photo-1505740420928-5e560c06d30e?auto=format&fit=crop&w=900&q=85,https://images.unsplash.com/photo-1505740420928-5e560c06d30e?auto=format&fit=crop&w=1000&q=85,https://images.unsplash.com/photo-1505740420928-5e560c06d30e?auto=format&fit=crop&w=700&q=85,https://images.unsplash.com/photo-1505740420928-5e560c06d30e?auto=format&fit=crop&w=600&q=85",3905,18482,dollar,3,urbangoods,urbangoods@example.com,"35 Market Road, Ibadan",2347798499764,https://i.pravatar.cc/300?img=4,JBL,white,5
Oraimo Pro Smart Watch,"https://images.unsplash.com/photo-1523275335684-37898b6baf30?auto=format&fit=crop&w=800&q=85,https://images.unsplash.com/photo-1523275335684-37898b6baf30?auto=format&fit=crop&w=900&q=85,https://images.unsplash.com/photo-1523275335684-37898b6baf30?auto=format&fit=crop&w=1000&q=85,https://images.unsplash.com/photo-1523275335684-37898b6baf30?auto=format&fit=crop&w=700&q=85,https://images.unsplash.com/photo-1523275335684-37898b6baf30?auto=format&fit=crop&w=600&q=85",13091,3845,dollar,4,primeretail,primeretail@example.com,"15 Broad Road, Port",2348004269960,https://i.pravatar.cc/300?img=5,Oraimo,gray,4.5
Keychron Air Keyboard,"https://images.unsplash.com/photo-1519389950473-47ba0277781c?auto=format&fit=crop&w=800&q=85,https://images.unsplash.com/photo-1519389950473-47ba0277781c?auto=format&fit=crop&w=900&q=85,https://images.unsplash.com/photo-1519389950473-47ba0277781c?auto=format&fit=crop&w=1000&q=85,https://images.unsplash.com/photo-1519389950473-47ba0277781c?auto=format&fit=crop&w=700&q=85,https://images.unsplash.com/photo-1519389950473-47ba0277781c?auto=format&fit=crop&w=600&q=85",11161,11415,dollar,5,digitalhouse,digitalhouse@example.com,"77 Airport Road, Benin",2347618480607,https://i.pravatar.cc/300?img=6,Keychron,red,3
Redragon Air Gaming Mouse,"https://images.unsplash.com/photo-1587825140708-dfaf72ae4b04?auto=format&fit=crop&w=800&q=85,https://images.unsplash.com/photo-1587825140708-dfaf72ae4b04?auto=format&fit=crop&w=900&q=85,https://images.unsplash.com/photo-1587825140708-dfaf72ae4b04?auto=format&fit=crop&w=1000&q=85,https://images.unsplash.com/photo-1587825140708-dfaf72ae4b04?auto=format&fit=crop&w=700&q=85,https://images.unsplash.com/photo-1587825140708-dfaf72ae4b04?auto=format&fit=crop&w=600&q=85",4686,942,dollar,6,smartchoice,smartchoice@example.com,"4 Market Road, Kano",2348547408877,https://i.pravatar.cc/300?img=7,Redragon,blue,3.5
Corsair Sport Gaming Chair,"https://images.unsplash.com/photo-1582582494700-f9f9d61d5c2b?auto=format&fit=crop&w=800&q=85,https://images.unsplash.com/photo-1582582494700-f9f9d61d5c2b?auto=format&fit=crop&w=900&q=85,https://images.unsplash.com/photo-1582582494700-f9f9d61d5c2b?auto=format&fit=crop&w=1000&q=85,https://images.unsplash.com/photo-1582582494700-f9f9d61d5c2b?auto=format&fit=crop&w=700&q=85,https://images.unsplash.com/photo-1582582494700-f9f9d61d5c2b?auto=format&fit=crop&w=600&q=85",8580,4715,dollar,7,metromarket,metromarket@example.com,"81 Market Road, Enugu",2348753234605,https://i.pravatar.cc/300?img=8,Corsair,black,5
Huawei Classic Tablet,"https://images.unsplash.com/photo-1587829741301-dc798b83add3?auto=format&fit=crop&w=800&q=85,https://images.unsplash.com/photo-1587829741301-dc798b83add3?auto=format&fit=crop&w=900&q=85,https://images.unsplash.com/photo-1587829741301-dc798b83add3?auto=format&fit=crop&w=1000&q=85,https://images.unsplash.com/photo-1587829741301-dc798b83add3?auto=format&fit=crop&w=700&q=85,https://images.unsplash.com/photo-1587829741301-dc798b83add3?auto=format&fit=crop&w=600&q=85",13366,2683,dollar,8,nextgenshop,nextgenshop@example.com,"46 Allen Road, Kaduna",2348854688557,https://i.pravatar.cc/300?img=9,Huawei,blue,5
Anker Elite Bluetooth Speaker,"https://images.unsplash.com/photo-1585386959984-a4155224a1f9?auto=format&fit=crop&w=800&q=85,https://images.unsplash.com/photo-1585386959984-a4155224a1f9?auto=format&fit=crop&w=900&q=85,https://images.unsplash.com/photo-1585386959984-a4155224a1f9?auto=format&fit=crop&w=1000&q=85,https://images.unsplash.com/photo-1585386959984-a4155224a1f9?auto=format&fit=crop&w=700&q=85,https://images.unsplash.com/photo-1585386959984-a4155224a1f9?auto=format&fit=crop&w=600&q=85",11667,6530,dollar,9,elitestore,elitestore@example.com,"67 Broad Road, Ilorin",2347572702515,https://i.pravatar.cc/300?img=10,Anker,brown,3.5
Nikon Flex Camera,"https://images.unsplash.com/photo-1519183071298-a2962e402c5d?auto=format&fit=crop&w=800&q=85,https://images.unsplash.com/photo-1519183071298-a2962e402c5d?auto=format&fit=crop&w=900&q=85,https://images.unsplash.com/photo-1519183071298-a2962e402c5d?auto=format&fit=crop&w=1000&q=85,https://images.unsplash.com/photo-1519183071298-a2962e402c5d?auto=format&fit=crop&w=700&q=85,https://images.unsplash.com/photo-1519183071298-a2962e402c5d?auto=format&fit=crop&w=600&q=85",14483,8429,dollar,10,dailydeals,dailydeals@example.com,"38 Central Road, Abeokuta",2348349917887,https://i.pravatar.cc/300?img=11,Nikon,black,5
Adidas Ultra Running Shoe,"https://images.unsplash.com/photo-1542291026-7eec264c27ff?auto=format&fit=crop&w=800&q=85,https://images.unsplash.com/photo-1542291026-7eec264c27ff?auto=format&fit=crop&w=900&q=85,https://images.unsplash.com/photo-1542291026-7eec264c27ff?auto=format&fit=crop&w=1000&q=85,https://images.unsplash.com/photo-1542291026-7eec264c27ff?auto=format&fit=crop&w=700&q=85,https://images.unsplash.com/photo-1542291026-7eec264c27ff?auto=format&fit=crop&w=600&q=85",14230,18072,dollar,11,trendhouse,trendhouse@example.com,"11 Allen Road, Lagos",2348624838775,https://i.pravatar.cc/300?img=12,Adidas,gold,4
Fossil Flex Wrist Watch,"https://images.unsplash.com/photo-1512436991641-6745cdb1723f?auto=format&fit=crop&w=800&q=85,https://images.unsplash.com/photo-1512436991641-6745cdb1723f?auto=format&fit=crop&w=900&q=85,https://images.unsplash.com/photo-1512436991641-6745cdb1723f?auto=format&fit=crop&w=1000&q=85,https://images.unsplash.com/photo-1512436991641-6745cdb1723f?auto=format&fit=crop&w=700&q=85,https://images.unsplash.com/photo-1512436991641-6745cdb1723f?auto=format&fit=crop&w=600&q=85",8891,8841,dollar,12,valuemart,valuemart@example.com,"21 Broad Road, Abuja",2347849744340,https://i.pravatar.cc/300?img=13,Fossil,green,4.5
Puma Premium T-Shirt,"https://images.unsplash.com/photo-1521572267360-ee0c2909d518?auto=format&fit=crop&w=800&q=85,https://images.unsplash.com/photo-1521572267360-ee0c2909d518?auto=format&fit=crop&w=900&q=85,https://images.unsplash.com/photo-1521572267360-ee0c2909d518?auto=format&fit=crop&w=1000&q=85,https://images.unsplash.com/photo-1521572267360-ee0c2909d518?auto=format&fit=crop&w=700&q=85,https://images.unsplash.com/photo-1521572267360-ee0c2909d518?auto=format&fit=crop&w=600&q=85",6009,11738,dollar,13,novastore,novastore@example.com,"22 Broad Road, Ibadan",2348063888990,https://i.pravatar.cc/300?img=14,Puma,green,5
Nike Plus Backpack,"https://images.unsplash.com/photo-1553062407-98eeb64c6a62?auto=format&fit=crop&w=800&q=85,https://images.unsplash.com/photo-1553062407-98eeb64c6a62?auto=format&fit=crop&w=900&q=85,https://images.unsplash.com/photo-1553062407-98eeb64c6a62?auto=format&fit=crop&w=1000&q=85,https://images.unsplash.com/photo-1553062407-98eeb64c6a62?auto=format&fit=crop&w=700&q=85,https://images.unsplash.com/photo-1553062407-98eeb64c6a62?auto=format&fit=crop&w=600&q=85",1674,19868,dollar,14,gadgets,gadgets@example.com,"69 Broad Road, Port",2347488595260,https://i.pravatar.cc/300?img=15,Nike,gray,4.5
Stanley Plus Water Bottle,"https://images.unsplash.com/photo-1602143407151-7111542de6e8?auto=format&fit=crop&w=800&q=85,https://images.unsplash.com/photo-1602143407151-7111542de6e8?auto=format&fit=crop&w=900&q=85,https://images.unsplash.com/photo-1602143407151-7111542de6e8?auto=format&fit=crop&w=1000&q=85,https://images.unsplash.com/photo-1602143407151-7111542de6e8?auto=format&fit=crop&w=700&q=85,https://images.unsplash.com/photo-1602143407151-7111542de6e8?auto=format&fit=crop&w=600&q=85",2333,3013,dollar,15,quickbuy,quickbuy@example.com,"38 Airport Road, Benin",2347738936545,https://i.pravatar.cc/300?img=16,Stanley,black,4
Spigen Premium Phone Case,"https://images.unsplash.com/photo-1601784551446-20c9e07cdbdb?auto=format&fit=crop&w=800&q=85,https://images.unsplash.com/photo-1601784551446-20c9e07cdbdb?auto=format&fit=crop&w=900&q=85,https://images.unsplash.com/photo-1601784551446-20c9e07cdbdb?auto=format&fit=crop&w=1000&q=85,https://images.unsplash.com/photo-1601784551446-20c9e07cdbdb?auto=format&fit=crop&w=700&q=85,https://images.unsplash.com/photo-1601784551446-20c9e07cdbdb?auto=format&fit=crop&w=600&q=85",6082,16556,dollar,16,stylecorner,stylecorner@example.com,"41 Central Road, Kano",2348147464019,https://i.pravatar.cc/300?img=17,Spigen,silver,3.5
Nulaxy Classic Laptop Stand,"https://images.unsplash.com/photo-1527864550417-7fd91fc51a46?auto=format&fit=crop&w=800&q=85,https://images.unsplash.com/photo-1527864550417-7fd91fc51a46?auto=format&fit=crop&w=900&q=85,https://images.unsplash.com/photo-1527864550417-7fd91fc51a46?auto=format&fit=crop&w=1000&q=85,https://images.unsplash.com/photo-1527864550417-7fd91fc51a46?auto=format&fit=crop&w=700&q=85,https://images.unsplash.com/photo-1527864550417-7fd91fc51a46?auto=format&fit=crop&w=600&q=85",8821,3206,dollar,17,megashop,megashop@example.com,"41 Airport Road, Enugu",2348734017872,https://i.pravatar.cc/300?img=18,Nulaxy,red,4.5
Paperblanks Ultra Notebook,"https://images.unsplash.com/photo-1531346878377-a5be20888e57?auto=format&fit=crop&w=800&q=85,https://images.unsplash.com/photo-1531346878377-a5be20888e57?auto=format&fit=crop&w=900&q=85,https://images.unsplash.com/photo-1531346878377-a5be20888e57?auto=format&fit=crop&w=1000&q=85,https://images.unsplash.com/photo-1531346878377-a5be20888e57?auto=format&fit=crop&w=700&q=85,https://images.unsplash.com/photo-1531346878377-a5be20888e57?auto=format&fit=crop&w=600&q=85",8351,19770,dollar,18,topshelf,topshelf@example.com,"11 Allen Road, Kaduna",2348711738813,https://i.pravatar.cc/300?img=19,Paperblanks,green,5
Contigo Flex Coffee Mug,"https://images.unsplash.com/photo-1514228742587-6b1558fcca3d?auto=format&fit=crop&w=800&q=85,https://images.unsplash.com/photo-1514228742587-6b1558fcca3d?auto=format&fit=crop&w=900&q=85,https://images.unsplash.com/photo-1514228742587-6b1558fcca3d?auto=format&fit=crop&w=1000&q=85,https://images.unsplash.com/photo-1514228742587-6b1558fcca3d?auto=format&fit=crop&w=700&q=85,https://images.unsplash.com/photo-1514228742587-6b1558fcca3d?auto=format&fit=crop&w=600&q=85",13773,7859,dollar,19,expressstore,expressstore@example.com,"82 Allen Road, Ilorin",2347906346016,https://i.pravatar.cc/300?img=20,Contigo,black,4
Xiaomi Classic Desk Lamp,"https://images.unsplash.com/photo-1507473885765-e6ed057f782c?auto=format&fit=crop&w=800&q=85,https://images.unsplash.com/photo-1507473885765-e6ed057f782c?auto=format&fit=crop&w=900&q=85,https://images.unsplash.com/photo-1507473885765-e6ed057f782c?auto=format&fit=crop&w=1000&q=85,https://images.unsplash.com/photo-1507473885765-e6ed057f782c?auto=format&fit=crop&w=700&q=85,https://images.unsplash.com/photo-1507473885765-e6ed057f782c?auto=format&fit=crop&w=600&q=85",14532,20562,dollar,20,modernmall,modernmall@example.com,"28 Allen Road, Abeokuta",2347784639883,https://i.pravatar.cc/300?img=21,Xiaomi,navy,3
HP Plus Laptop,"https://images.unsplash.com/photo-1517336714731-489689fd1ca8?auto=format&fit=crop&w=800&q=85,https://images.unsplash.com/photo-1517336714731-489689fd1ca8?auto=format&fit=crop&w=900&q=85,https://images.unsplash.com/photo-1517336714731-489689fd1ca8?auto=format&fit=crop&w=1000&q=85,https://images.unsplash.com/photo-1517336714731-489689fd1ca8?auto=format&fit=crop&w=700&q=85,https://images.unsplash.com/photo-1517336714731-489689fd1ca8?auto=format&fit=crop&w=600&q=85",17691,3559,dollar,1,techhub,techhub@example.com,"87 Airport Road, Lagos",2348089966984,https://i.pravatar.cc/300?img=2,HP,navy,3
Oppo Ultra Smartphone,"https://images.unsplash.com/photo-1511707171634-5f897ff02aa9?auto=format&fit=crop&w=800&q=85,https://images.unsplash.com/photo-1511707171634-5f897ff02aa9?auto=format&fit=crop&w=900&q=85,https://images.unsplash.com/photo-1511707171634-5f897ff02aa9?auto=format&fit=crop&w=1000&q=85,https://images.unsplash.com/photo-1511707171634-5f897ff02aa9?auto=format&fit=crop&w=700&q=85,https://images.unsplash.com/photo-1511707171634-5f897ff02aa9?auto=format&fit=crop&w=600&q=85",13141,19688,dollar,2,gadgetpoint,gadgetpoint@example.com,"93 Broad Road, Abuja",2348385411896,https://i.pravatar.cc/300?img=3,Oppo,green,3.5
Oraimo Max Wireless Headset,"https://images.unsplash.com/photo-1505740420928-5e560c06d30e?auto=format&fit=crop&w=800&q=85,https://images.unsplash.com/photo-1505740420928-5e560c06d30e?auto=format&fit=crop&w=900&q=85,https://images.unsplash.com/photo-1505740420928-5e560c06d30e?auto=format&fit=crop&w=1000&q=85,https://images.unsplash.com/photo-1505740420928-5e560c06d30e?auto=format&fit=crop&w=700&q=85,https://images.unsplash.com/photo-1505740420928-5e560c06d30e?auto=format&fit=crop&w=600&q=85",8544,8347,dollar,3,urbangoods,urbangoods@example.com,"68 Airport Road, Ibadan",2348881351231,https://i.pravatar.cc/300?img=4,Oraimo,red,3.5
Samsung Ultra Smart Watch,"https://images.unsplash.com/photo-1523275335684-37898b6baf30?auto=format&fit=crop&w=800&q=85,https://images.unsplash.com/photo-1523275335684-37898b6baf30?auto=format&fit=crop&w=900&q=85,https://images.unsplash.com/photo-1523275335684-37898b6baf30?auto=format&fit=crop&w=1000&q=85,https://images.unsplash.com/photo-1523275335684-37898b6baf30?auto=format&fit=crop&w=700&q=85,https://images.unsplash.com/photo-1523275335684-37898b6baf30?auto=format&fit=crop&w=600&q=85",15937,5583,dollar,4,primeretail,primeretail@example.com,"49 Central Road, Port",2347882697231,https://i.pravatar.cc/300?img=5,Samsung,navy,3.5
Razer Sport Keyboard,"https://images.unsplash.com/photo-1519389950473-47ba0277781c?auto=format&fit=crop&w=800&q=85,https://images.unsplash.com/photo-1519389950473-47ba0277781c?auto=format&fit=crop&w=900&q=85,https://images.unsplash.com/photo-1519389950473-47ba0277781c?auto=format&fit=crop&w=1000&q=85,https://images.unsplash.com/photo-1519389950473-47ba0277781c?auto=format&fit=crop&w=700&q=85,https://images.unsplash.com/photo-1519389950473-47ba0277781c?auto=format&fit=crop&w=600&q=85",13676,18657,dollar,5,digitalhouse,digitalhouse@example.com,"8 Airport Road, Benin",2347992541059,https://i.pravatar.cc/300?img=6,Razer,gold,3.5
SteelSeries Max Gaming Mouse,"https://images.unsplash.com/photo-1587825140708-dfaf72ae4b04?auto=format&fit=crop&w=800&q=85,https://images.unsplash.com/photo-1587825140708-dfaf72ae4b04?auto=format&fit=crop&w=900&q=85,https://images.unsplash.com/photo-1587825140708-dfaf72ae4b04?auto=format&fit=crop&w=1000&q=85,https://images.unsplash.com/photo-1587825140708-dfaf72ae4b04?auto=format&fit=crop&w=700&q=85,https://images.unsplash.com/photo-1587825140708-dfaf72ae4b04?auto=format&fit=crop&w=600&q=85",10870,4628,dollar,6,smartchoice,smartchoice@example.com,"2 Broad Road, Kano",2348169317868,https://i.pravatar.cc/300?img=7,SteelSeries,black,3.5
Corsair Elite Gaming Chair,"https://images.unsplash.com/photo-1582582494700-f9f9d61d5c2b?auto=format&fit=crop&w=800&q=85,https://images.unsplash.com/photo-1582582494700-f9f9d61d5c2b?auto=format&fit=crop&w=900&q=85,https://images.unsplash.com/photo-1582582494700-f9f9d61d5c2b?auto=format&fit=crop&w=1000&q=85,https://images.unsplash.com/photo-1582582494700-f9f9d61d5c2b?auto=format&fit=crop&w=700&q=85,https://images.unsplash.com/photo-1582582494700-f9f9d61d5c2b?auto=format&fit=crop&w=600&q=85",15765,19293,dollar,7,metromarket,metromarket@example.com,"79 Broad Road, Enugu",2348469269821,https://i.pravatar.cc/300?img=8,Corsair,gray,4
Apple Max Tablet,"https://images.unsplash.com/photo-1587829741301-dc798b83add3?auto=format&fit=crop&w=800&q=85,https://images.unsplash.com/photo-1587829741301-dc798b83add3?auto=format&fit=crop&w=900&q=85,https://images.unsplash.com/photo-1587829741301-dc798b83add3?auto=format&fit=crop&w=1000&q=85,https://images.unsplash.com/photo-1587829741301-dc798b83add3?auto=format&fit=crop&w=700&q=85,https://images.unsplash.com/photo-1587829741301-dc798b83add3?auto=format&fit=crop&w=600&q=85",11350,9993,dollar,8,nextgenshop,nextgenshop@example.com,"70 Central Road, Kaduna",2349052291476,https://i.pravatar.cc/300?img=9,Apple,green,4.5
Oraimo Classic Bluetooth Speaker,"https://images.unsplash.com/photo-1585386959984-a4155224a1f9?auto=format&fit=crop&w=800&q=85,https://images.unsplash.com/photo-1585386959984-a4155224a1f9?auto=format&fit=crop&w=900&q=85,https://images.unsplash.com/photo-1585386959984-a4155224a1f9?auto=format&fit=crop&w=1000&q=85,https://images.unsplash.com/photo-1585386959984-a4155224a1f9?auto=format&fit=crop&w=700&q=85,https://images.unsplash.com/photo-1585386959984-a4155224a1f9?auto=format&fit=crop&w=600&q=85",5955,13650,dollar,9,elitestore,elitestore@example.com,"87 Central Road, Ilorin",2348543159592,https://i.pravatar.cc/300?img=10,Oraimo,black,4
Nikon Plus Camera,"https://images.unsplash.com/photo-1519183071298-a2962e402c5d?auto=format&fit=crop&w=800&q=85,https://images.unsplash.com/photo-1519183071298-a2962e402c5d?auto=format&fit=crop&w=900&q=85,https://images.unsplash.com/photo-1519183071298-a2962e402c5d?auto=format&fit=crop&w=1000&q=85,https://images.unsplash.com/photo-1519183071298-a2962e402c5d?auto=format&fit=crop&w=700&q=85,https://images.unsplash.com/photo-1519183071298-a2962e402c5d?auto=format&fit=crop&w=600&q=85",10620,6907,dollar,10,dailydeals,dailydeals@example.com,"56 Broad Road, Abeokuta",2347715681995,https://i.pravatar.cc/300?img=11,Nikon,brown,3
Puma Plus Running Shoe,"https://images.unsplash.com/photo-1542291026-7eec264c27ff?auto=format&fit=crop&w=800&q=85,https://images.unsplash.com/photo-1542291026-7eec264c27ff?auto=format&fit=crop&w=900&q=85,https://images.unsplash.com/photo-1542291026-7eec264c27ff?auto=format&fit=crop&w=1000&q=85,https://images.unsplash.com/photo-1542291026-7eec264c27ff?auto=format&fit=crop&w=700&q=85,https://images.unsplash.com/photo-1542291026-7eec264c27ff?auto=format&fit=crop&w=600&q=85",11044,11835,dollar,11,trendhouse,trendhouse@example.com,"5 Central Road, Lagos",2349055100019,https://i.pravatar.cc/300?img=12,Puma,gold,3.5
Fossil Max Wrist Watch,"https://images.unsplash.com/photo-1512436991641-6745cdb1723f?auto=format&fit=crop&w=800&q=85,https://images.unsplash.com/photo-1512436991641-6745cdb1723f?auto=format&fit=crop&w=900&q=85,https://images.unsplash.com/photo-1512436991641-6745cdb1723f?auto=format&fit=crop&w=1000&q=85,https://images.unsplash.com/photo-1512436991641-6745cdb1723f?auto=format&fit=crop&w=700&q=85,https://images.unsplash.com/photo-1512436991641-6745cdb1723f?auto=format&fit=crop&w=600&q=85",14780,1434,dollar,12,valuemart,valuemart@example.com,"45 Allen Road, Abuja",2348293663407,https://i.pravatar.cc/300?img=13,Fossil,gray,4.5
Under Armour Max T-Shirt,"https://images.unsplash.com/photo-1521572267360-ee0c2909d518?auto=format&fit=crop&w=800&q=85,https://images.unsplash.com/photo-1521572267360-ee0c2909d518?auto=format&fit=crop&w=900&q=85,https://images.unsplash.com/photo-1521572267360-ee0c2909d518?auto=format&fit=crop&w=1000&q=85,https://images.unsplash.com/photo-1521572267360-ee0c2909d518?auto=format&fit=crop&w=700&q=85,https://images.unsplash.com/photo-1521572267360-ee0c2909d518?auto=format&fit=crop&w=600&q=85",12358,18423,dollar,13,novastore,novastore@example.com,"42 Broad Road, Ibadan",2348630712343,https://i.pravatar.cc/300?img=14,Under Armour,blue,4.5
Adidas Flex Backpack,"https://images.unsplash.com/photo-1553062407-98eeb64c6a62?auto=format&fit=crop&w=800&q=85,https://images.unsplash.com/photo-1553062407-98eeb64c6a62?auto=format&fit=crop&w=900&q=85,https://images.unsplash.com/photo-1553062407-98eeb64c6a62?auto=format&fit=crop&w=1000&q=85,https://images.unsplash.com/photo-1553062407-98eeb64c6a62?auto=format&fit=crop&w=700&q=85,https://images.unsplash.com/photo-1553062407-98eeb64c6a62?auto=format&fit=crop&w=600&q=85",8316,4741,dollar,14,gadgets,gadgets@example.com,"40 Market Road, Port",2348577740975,https://i.pravatar.cc/300?img=15,Adidas,black,5
Hydro Flask Ultra Water Bottle,"https://images.unsplash.com/photo-1602143407151-7111542de6e8?auto=format&fit=crop&w=800&q=85,https://images.unsplash.com/photo-1602143407151-7111542de6e8?auto=format&fit=crop&w=900&q=85,https://images.unsplash.com/photo-1602143407151-7111542de6e8?auto=format&fit=crop&w=1000&q=85,https://images.unsplash.com/photo-1602143407151-7111542de6e8?auto=format&fit=crop&w=700&q=85,https://images.unsplash.com/photo-1602143407151-7111542de6e8?auto=format&fit=crop&w=600&q=85",9983,17417,dollar,15,quickbuy,quickbuy@example.com,"5 Airport Road, Benin",2348871692173,https://i.pravatar.cc/300?img=16,Hydro Flask,silver,4
Spigen Premium Phone Case,"https://images.unsplash.com/photo-1601784551446-20c9e07cdbdb?auto=format&fit=crop&w=800&q=85,https://images.unsplash.com/photo-1601784551446-20c9e07cdbdb?auto=format&fit=crop&w=900&q=85,https://images.unsplash.com/photo-1601784551446-20c9e07cdbdb?auto=format&fit=crop&w=1000&q=85,https://images.unsplash.com/photo-1601784551446-20c9e07cdbdb?auto=format&fit=crop&w=700&q=85,https://images.unsplash.com/photo-1601784551446-20c9e07cdbdb?auto=format&fit=crop&w=600&q=85",10751,16108,dollar,16,stylecorner,stylecorner@example.com,"78 Market Road, Kano",2347168208322,https://i.pravatar.cc/300?img=17,Spigen,brown,3.5
Rain Design Elite Laptop Stand,"https://images.unsplash.com/photo-1527864550417-7fd91fc51a46?auto=format&fit=crop&w=800&q=85,https://images.unsplash.com/photo-1527864550417-7fd91fc51a46?auto=format&fit=crop&w=900&q=85,https://images.unsplash.com/photo-1527864550417-7fd91fc51a46?auto=format&fit=crop&w=1000&q=85,https://images.unsplash.com/photo-1527864550417-7fd91fc51a46?auto=format&fit=crop&w=700&q=85,https://images.unsplash.com/photo-1527864550417-7fd91fc51a46?auto=format&fit=crop&w=600&q=85",9008,659,dollar,17,megashop,megashop@example.com,"22 Allen Road, Enugu",2347223649509,https://i.pravatar.cc/300?img=18,Rain Design,silver,3
Rhodia Sport Notebook,"https://images.unsplash.com/photo-1531346878377-a5be20888e57?auto=format&fit=crop&w=800&q=85,https://images.unsplash.com/photo-1531346878377-a5be20888e57?auto=format&fit=crop&w=900&q=85,https://images.unsplash.com/photo-1531346878377-a5be20888e57?auto=format&fit=crop&w=1000&q=85,https://images.unsplash.com/photo-1531346878377-a5be20888e57?auto=format&fit=crop&w=700&q=85,https://images.unsplash.com/photo-1531346878377-a5be20888e57?auto=format&fit=crop&w=600&q=85",3863,10726,dollar,18,topshelf,topshelf@example.com,"32 Allen Road, Kaduna",2348571800575,https://i.pravatar.cc/300?img=19,Rhodia,silver,3
Stanley Ultra Coffee Mug,"https://images.unsplash.com/photo-1514228742587-6b1558fcca3d?auto=format&fit=crop&w=800&q=85,https://images.unsplash.com/photo-1514228742587-6b1558fcca3d?auto=format&fit=crop&w=900&q=85,https://images.unsplash.com/photo-1514228742587-6b1558fcca3d?auto=format&fit=crop&w=1000&q=85,https://images.unsplash.com/photo-1514228742587-6b1558fcca3d?auto=format&fit=crop&w=700&q=85,https://images.unsplash.com/photo-1514228742587-6b1558fcca3d?auto=format&fit=crop&w=600&q=85",5407,11551,dollar,19,expressstore,expressstore@example.com,"93 Central Road, Ilorin",2348395813481,https://i.pravatar.cc/300?img=20,Stanley,gray,3
Philips Sport Desk Lamp,"https://images.unsplash.com/photo-1507473885765-e6ed057f782c?auto=format&fit=crop&w=800&q=85,https://images.unsplash.com/photo-1507473885765-e6ed057f782c?auto=format&fit=crop&w=900&q=85,https://images.unsplash.com/photo-1507473885765-e6ed057f782c?auto=format&fit=crop&w=1000&q=85,https://images.unsplash.com/photo-1507473885765-e6ed057f782c?auto=format&fit=crop&w=700&q=85,https://images.unsplash.com/photo-1507473885765-e6ed057f782c?auto=format&fit=crop&w=600&q=85",4689,4306,dollar,20,modernmall,modernmall@example.com,"82 Central Road, Abeokuta",2348239845090,https://i.pravatar.cc/300?img=21,Philips,gray,5
Acer Sport Laptop,"https://images.unsplash.com/photo-1517336714731-489689fd1ca8?auto=format&fit=crop&w=800&q=85,https://images.unsplash.com/photo-1517336714731-489689fd1ca8?auto=format&fit=crop&w=900&q=85,https://images.unsplash.com/photo-1517336714731-489689fd1ca8?auto=format&fit=crop&w=1000&q=85,https://images.unsplash.com/photo-1517336714731-489689fd1ca8?auto=format&fit=crop&w=700&q=85,https://images.unsplash.com/photo-1517336714731-489689fd1ca8?auto=format&fit=crop&w=600&q=85",11950,407,dollar,1,techhub,techhub@example.com,"6 Allen Road, Lagos",2347736120248,https://i.pravatar.cc/300?img=2,Acer,red,4.5
OnePlus Ultra Smartphone,"https://images.unsplash.com/photo-1511707171634-5f897ff02aa9?auto=format&fit=crop&w=800&q=85,https://images.unsplash.com/photo-1511707171634-5f897ff02aa9?auto=format&fit=crop&w=900&q=85,https://images.unsplash.com/photo-1511707171634-5f897ff02aa9?auto=format&fit=crop&w=1000&q=85,https://images.unsplash.com/photo-1511707171634-5f897ff02aa9?auto=format&fit=crop&w=700&q=85,https://images.unsplash.com/photo-1511707171634-5f897ff02aa9?auto=format&fit=crop&w=600&q=85",12714,10535,dollar,2,gadgetpoint,gadgetpoint@example.com,"39 Central Road, Abuja",2347029418678,https://i.pravatar.cc/300?img=3,OnePlus,black,4
Soundcore Flex Wireless Headset,"https://images.unsplash.com/photo-1505740420928-5e560c06d30e?auto=format&fit=crop&w=800&q=85,https://images.unsplash.com/photo-1505740420928-5e560c06d30e?auto=format&fit=crop&w=900&q=85,https://images.unsplash.com/photo-1505740420928-5e560c06d30e?auto=format&fit=crop&w=1000&q=85,https://images.unsplash.com/photo-1505740420928-5e560c06d30e?auto=format&fit=crop&w=700&q=85,https://images.unsplash.com/photo-1505740420928-5e560c06d30e?auto=format&fit=crop&w=600&q=85",6405,13030,dollar,3,urbangoods,urbangoods@example.com,"30 Central Road, Ibadan",2347637779587,https://i.pravatar.cc/300?img=4,Soundcore,silver,3
Oraimo Pro Smart Watch,"https://images.unsplash.com/photo-1523275335684-37898b6baf30?auto=format&fit=crop&w=800&q=85,https://images.unsplash.com/photo-1523275335684-37898b6baf30?auto=format&fit=crop&w=900&q=85,https://images.unsplash.com/photo-1523275335684-37898b6baf30?auto=format&fit=crop&w=1000&q=85,https://images.unsplash.com/photo-1523275335684-37898b6baf30?auto=format&fit=crop&w=700&q=85,https://images.unsplash.com/photo-1523275335684-37898b6baf30?auto=format&fit=crop&w=600&q=85",17502,2915,dollar,4,primeretail,primeretail@example.com,"45 Airport Road, Port",2348767710704,https://i.pravatar.cc/300?img=5,Oraimo,green,4.5
Keychron Flex Keyboard,"https://images.unsplash.com/photo-1519389950473-47ba0277781c?auto=format&fit=crop&w=800&q=85,https://images.unsplash.com/photo-1519389950473-47ba0277781c?auto=format&fit=crop&w=900&q=85,https://images.unsplash.com/photo-1519389950473-47ba0277781c?auto=format&fit=crop&w=1000&q=85,https://images.unsplash.com/photo-1519389950473-47ba0277781c?auto=format&fit=crop&w=700&q=85,https://images.unsplash.com/photo-1519389950473-47ba0277781c?auto=format&fit=crop&w=600&q=85",13864,20151,dollar,5,digitalhouse,digitalhouse@example.com,"42 Market Road, Benin",2347312809070,https://i.pravatar.cc/300?img=6,Keychron,white,3.5
Razer Elite Gaming Mouse,"https://images.unsplash.com/photo-1587825140708-dfaf72ae4b04?auto=format&fit=crop&w=800&q=85,https://images.unsplash.com/photo-1587825140708-dfaf72ae4b04?auto=format&fit=crop&w=900&q=85,https://images.unsplash.com/photo-1587825140708-dfaf72ae4b04?auto=format&fit=crop&w=1000&q=85,https://images.unsplash.com/photo-1587825140708-dfaf72ae4b04?auto=format&fit=crop&w=700&q=85,https://images.unsplash.com/photo-1587825140708-dfaf72ae4b04?auto=format&fit=crop&w=600&q=85",4123,2366,dollar,6,smartchoice,smartchoice@example.com,"80 Broad Road, Kano",2348006308560,https://i.pravatar.cc/300?img=7,Razer,navy,4.5
Corsair Sport Gaming Chair,"https://images.unsplash.com/photo-1582582494700-f9f9d61d5c2b?auto=format&fit=crop&w=800&q=85,https://images.unsplash.com/photo-1582582494700-f9f9d61d5c2b?auto=format&fit=crop&w=900&q=85,https://images.unsplash.com/photo-1582582494700-f9f9d61d5c2b?auto=format&fit=crop&w=1000&q=85,https://images.unsplash.com/photo-1582582494700-f9f9d61d5c2b?auto=format&fit=crop&w=700&q=85,https://images.unsplash.com/photo-1582582494700-f9f9d61d5c2b?auto=format&fit=crop&w=600&q=85",4550,20233,dollar,7,metromarket,metromarket@example.com,"7 Airport Road, Enugu",2348557085910,https://i.pravatar.cc/300?img=8,Corsair,red,3
Apple Plus Tablet,"https://images.unsplash.com/photo-1587829741301-dc798b83add3?auto=format&fit=crop&w=800&q=85,https://images.unsplash.com/photo-1587829741301-dc798b83add3?auto=format&fit=crop&w=900&q=85,https://images.unsplash.com/photo-1587829741301-dc798b83add3?auto=format&fit=crop&w=1000&q=85,https://images.unsplash.com/photo-1587829741301-dc798b83add3?auto=format&fit=crop&w=700&q=85,https://images.unsplash.com/photo-1587829741301-dc798b83add3?auto=format&fit=crop&w=600&q=85",12346,20045,dollar,8,nextgenshop,nextgenshop@example.com,"33 Broad Road, Kaduna",2348289583826,https://i.pravatar.cc/300?img=9,Apple,red,3
Anker Classic Bluetooth Speaker,"https://images.unsplash.com/photo-1585386959984-a4155224a1f9?auto=format&fit=crop&w=800&q=85,https://images.unsplash.com/photo-1585386959984-a4155224a1f9?auto=format&fit=crop&w=900&q=85,https://images.unsplash.com/photo-1585386959984-a4155224a1f9?auto=format&fit=crop&w=1000&q=85,https://images.unsplash.com/photo-1585386959984-a4155224a1f9?auto=format&fit=crop&w=700&q=85,https://images.unsplash.com/photo-1585386959984-a4155224a1f9?auto=format&fit=crop&w=600&q=85",7114,7990,dollar,9,elitestore,elitestore@example.com,"24 Allen Road, Ilorin",2348161012485,https://i.pravatar.cc/300?img=10,Anker,white,4
Fujifilm Max Camera,"https://images.unsplash.com/photo-1519183071298-a2962e402c5d?auto=format&fit=crop&w=800&q=85,https://images.unsplash.com/photo-1519183071298-a2962e402c5d?auto=format&fit=crop&w=900&q=85,https://images.unsplash.com/photo-1519183071298-a2962e402c5d?auto=format&fit=crop&w=1000&q=85,https://images.unsplash.com/photo-1519183071298-a2962e402c5d?auto=format&fit=crop&w=700&q=85,https://images.unsplash.com/photo-1519183071298-a2962e402c5d?auto=format&fit=crop&w=600&q=85",9191,3219,dollar,10,dailydeals,dailydeals@example.com,"40 Airport Road, Abeokuta",2348127736504,https://i.pravatar.cc/300?img=11,Fujifilm,gray,3
New Balance Air Running Shoe,"https://images.unsplash.com/photo-1542291026-7eec264c27ff?auto=format&fit=crop&w=800&q=85,https://images.unsplash.com/photo-1542291026-7eec264c27ff?auto=format&fit=crop&w=900&q=85,https://images.unsplash.com/photo-1542291026-7eec264c27ff?auto=format&fit=crop&w=1000&q=85,https://images.unsplash.com/photo-1542291026-7eec264c27ff?auto=format&fit=crop&w=700&q=85,https://images.unsplash.com/photo-1542291026-7eec264c27ff?auto=format&fit=crop&w=600&q=85",6371,13379,dollar,11,trendhouse,trendhouse@example.com,"49 Airport Road, Lagos",2347903804413,https://i.pravatar.cc/300?img=12,New Balance,blue,5
Timex Premium Wrist Watch,"https://images.unsplash.com/photo-1512436991641-6745cdb1723f?auto=format&fit=crop&w=800&q=85,https://images.unsplash.com/photo-1512436991641-6745cdb1723f?auto=format&fit=crop&w=900&q=85,https://images.unsplash.com/photo-1512436991641-6745cdb1723f?auto=format&fit=crop&w=1000&q=85,https://images.unsplash.com/photo-1512436991641-6745cdb1723f?auto=format&fit=crop&w=700&q=85,https://images.unsplash.com/photo-1512436991641-6745cdb1723f?auto=format&fit=crop&w=600&q=85",14155,1524,dollar,12,valuemart,valuemart@example.com,"15 Allen Road, Abuja",2348529470353,https://i.pravatar.cc/300?img=13,Timex,gray,4
Puma Flex T-Shirt,"https://images.unsplash.com/photo-1521572267360-ee0c2909d518?auto=format&fit=crop&w=800&q=85,https://images.unsplash.com/photo-1521572267360-ee0c2909d518?auto=format&fit=crop&w=900&q=85,https://images.unsplash.com/photo-1521572267360-ee0c2909d518?auto=format&fit=crop&w=1000&q=85,https://images.unsplash.com/photo-1521572267360-ee0c2909d518?auto=format&fit=crop&w=700&q=85,https://images.unsplash.com/photo-1521572267360-ee0c2909d518?auto=format&fit=crop&w=600&q=85",12404,3640,dollar,13,novastore,novastore@example.com,"84 Allen Road, Ibadan",2348467899063,https://i.pravatar.cc/300?img=14,Puma,brown,3.5
Adidas Ultra Backpack,"https://images.unsplash.com/photo-1553062407-98eeb64c6a62?auto=format&fit=crop&w=800&q=85,https://images.unsplash.com/photo-1553062407-98eeb64c6a62?auto=format&fit=crop&w=900&q=85,https://images.unsplash.com/photo-1553062407-98eeb64c6a62?auto=format&fit=crop&w=1000&q=85,https://images.unsplash.com/photo-1553062407-98eeb64c6a62?auto=format&fit=crop&w=700&q=85,https://images.unsplash.com/photo-1553062407-98eeb64c6a62?auto=format&fit=crop&w=600&q=85",13778,19937,dollar,14,gadgets,gadgets@example.com,"66 Broad Road, Port",2348696717980,https://i.pravatar.cc/300?img=15,Adidas,black,3
Nike Ultra Water Bottle,"https://images.unsplash.com/photo-1602143407151-7111542de6e8?auto=format&fit=crop&w=800&q=85,https://images.unsplash.com/photo-1602143407151-7111542de6e8?auto=format&fit=crop&w=900&q=85,https://images.unsplash.com/photo-1602143407151-7111542de6e8?auto=format&fit=crop&w=1000&q=85,https://images.unsplash.com/photo-1602143407151-7111542de6e8?auto=format&fit=crop&w=700&q=85,https://images.unsplash.com/photo-1602143407151-7111542de6e8?auto=format&fit=crop&w=600&q=85",5381,16238,dollar,15,quickbuy,quickbuy@example.com,"46 Central Road, Benin",2347813204055,https://i.pravatar.cc/300?img=16,Nike,green,3.5
OtterBox Air Phone Case,"https://images.unsplash.com/photo-1601784551446-20c9e07cdbdb?auto=format&fit=crop&w=800&q=85,https://images.unsplash.com/photo-1601784551446-20c9e07cdbdb?auto=format&fit=crop&w=900&q=85,https://images.unsplash.com/photo-1601784551446-20c9e07cdbdb?auto=format&fit=crop&w=1000&q=85,https://images.unsplash.com/photo-1601784551446-20c9e07cdbdb?auto=format&fit=crop&w=700&q=85,https://images.unsplash.com/photo-1601784551446-20c9e07cdbdb?auto=format&fit=crop&w=600&q=85",6280,12914,dollar,16,stylecorner,stylecorner@example.com,"19 Airport Road, Kano",2347534677349,https://i.pravatar.cc/300?img=17,OtterBox,brown,4
Satechi Flex Laptop Stand,"https://images.unsplash.com/photo-1527864550417-7fd91fc51a46?auto=format&fit=crop&w=800&q=85,https://images.unsplash.com/photo-1527864550417-7fd91fc51a46?auto=format&fit=crop&w=900&q=85,https://images.unsplash.com/photo-1527864550417-7fd91fc51a46?auto=format&fit=crop&w=1000&q=85,https://images.unsplash.com/photo-1527864550417-7fd91fc51a46?auto=format&fit=crop&w=700&q=85,https://images.unsplash.com/photo-1527864550417-7fd91fc51a46?auto=format&fit=crop&w=600&q=85",2453,20724,dollar,17,megashop,megashop@example.com,"16 Market Road, Enugu",2348323013993,https://i.pravatar.cc/300?img=18,Satechi,silver,5
Muji Max Notebook,"https://images.unsplash.com/photo-1531346878377-a5be20888e57?auto=format&fit=crop&w=800&q=85,https://images.unsplash.com/photo-1531346878377-a5be20888e57?auto=format&fit=crop&w=900&q=85,https://images.unsplash.com/photo-1531346878377-a5be20888e57?auto=format&fit=crop&w=1000&q=85,https://images.unsplash.com/photo-1531346878377-a5be20888e57?auto=format&fit=crop&w=700&q=85,https://images.unsplash.com/photo-1531346878377-a5be20888e57?auto=format&fit=crop&w=600&q=85",12696,14363,dollar,18,topshelf,topshelf@example.com,"9 Airport Road, Kaduna",2347450474318,https://i.pravatar.cc/300?img=19,Muji,navy,3.5
IKEA Elite Coffee Mug,"https://images.unsplash.com/photo-1514228742587-6b1558fcca3d?auto=format&fit=crop&w=800&q=85,https://images.unsplash.com/photo-1514228742587-6b1558fcca3d?auto=format&fit=crop&w=900&q=85,https://images.unsplash.com/photo-1514228742587-6b1558fcca3d?auto=format&fit=crop&w=1000&q=85,https://images.unsplash.com/photo-1514228742587-6b1558fcca3d?auto=format&fit=crop&w=700&q=85,https://images.unsplash.com/photo-1514228742587-6b1558fcca3d?auto=format&fit=crop&w=600&q=85",4155,3347,dollar,19,expressstore,expressstore@example.com,"63 Central Road, Ilorin",2348580788723,https://i.pravatar.cc/300?img=20,IKEA,black,4
IKEA Pro Desk Lamp,"https://images.unsplash.com/photo-1507473885765-e6ed057f782c?auto=format&fit=crop&w=800&q=85,https://images.unsplash.com/photo-1507473885765-e6ed057f782c?auto=format&fit=crop&w=900&q=85,https://images.unsplash.com/photo-1507473885765-e6ed057f782c?auto=format&fit=crop&w=1000&q=85,https://images.unsplash.com/photo-1507473885765-e6ed057f782c?auto=format&fit=crop&w=700&q=85,https://images.unsplash.com/photo-1507473885765-e6ed057f782c?auto=format&fit=crop&w=600&q=85",8932,20734,dollar,20,modernmall,modernmall@example.com,"16 Market Road, Abeokuta",2347687423602,https://i.pravatar.cc/300?img=21,IKEA,gray,3
Asus Max Laptop,"https://images.unsplash.com/photo-1517336714731-489689fd1ca8?auto=format&fit=crop&w=800&q=85,https://images.unsplash.com/photo-1517336714731-489689fd1ca8?auto=format&fit=crop&w=900&q=85,https://images.unsplash.com/photo-1517336714731-489689fd1ca8?auto=format&fit=crop&w=1000&q=85,https://images.unsplash.com/photo-1517336714731-489689fd1ca8?auto=format&fit=crop&w=700&q=85,https://images.unsplash.com/photo-1517336714731-489689fd1ca8?auto=format&fit=crop&w=600&q=85",14035,15944,dollar,1,techhub,techhub@example.com,"35 Airport Road, Lagos",2347909315346,https://i.pravatar.cc/300?img=2,Asus,navy,3
Oppo Air Smartphone,"https://images.unsplash.com/photo-1511707171634-5f897ff02aa9?auto=format&fit=crop&w=800&q=85,https://images.unsplash.com/photo-1511707171634-5f897ff02aa9?auto=format&fit=crop&w=900&q=85,https://images.unsplash.com/photo-1511707171634-5f897ff02aa9?auto=format&fit=crop&w=1000&q=85,https://images.unsplash.com/photo-1511707171634-5f897ff02aa9?auto=format&fit=crop&w=700&q=85,https://images.unsplash.com/photo-1511707171634-5f897ff02aa9?auto=format&fit=crop&w=600&q=85",20683,9431,dollar,2,gadgetpoint,gadgetpoint@example.com,"52 Allen Road, Abuja",2348268912928,https://i.pravatar.cc/300?img=3,Oppo,gold,3
Sony Flex Wireless Headset,"https://images.unsplash.com/photo-1505740420928-5e560c06d30e?auto=format&fit=crop&w=800&q=85,https://images.unsplash.com/photo-1505740420928-5e560c06d30e?auto=format&fit=crop&w=900&q=85,https://images.unsplash.com/photo-1505740420928-5e560c06d30e?auto=format&fit=crop&w=1000&q=85,https://images.unsplash.com/photo-1505740420928-5e560c06d30e?auto=format&fit=crop&w=700&q=85,https://images.unsplash.com/photo-1505740420928-5e560c06d30e?auto=format&fit=crop&w=600&q=85",14158,5759,dollar,3,urbangoods,urbangoods@example.com,"22 Market Road, Ibadan",2348048602482,https://i.pravatar.cc/300?img=4,Sony,white,4
Xiaomi Classic Smart Watch,"https://images.unsplash.com/photo-1523275335684-37898b6baf30?auto=format&fit=crop&w=800&q=85,https://images.unsplash.com/photo-1523275335684-37898b6baf30?auto=format&fit=crop&w=900&q=85,https://images.unsplash.com/photo-1523275335684-37898b6baf30?auto=format&fit=crop&w=1000&q=85,https://images.unsplash.com/photo-1523275335684-37898b6baf30?auto=format&fit=crop&w=700&q=85,https://images.unsplash.com/photo-1523275335684-37898b6baf30?auto=format&fit=crop&w=600&q=85",14283,17892,dollar,4,primeretail,primeretail@example.com,"95 Central Road, Port",2349005282771,https://i.pravatar.cc/300?img=5,Xiaomi,red,4.5
Redragon Flex Keyboard,"https://images.unsplash.com/photo-1519389950473-47ba0277781c?auto=format&fit=crop&w=800&q=85,https://images.unsplash.com/photo-1519389950473-47ba0277781c?auto=format&fit=crop&w=900&q=85,https://images.unsplash.com/photo-1519389950473-47ba0277781c?auto=format&fit=crop&w=1000&q=85,https://images.unsplash.com/photo-1519389950473-47ba0277781c?auto=format&fit=crop&w=700&q=85,https://images.unsplash.com/photo-1519389950473-47ba0277781c?auto=format&fit=crop&w=600&q=85",10125,17119,dollar,5,digitalhouse,digitalhouse@example.com,"20 Broad Road, Benin",2347573018789,https://i.pravatar.cc/300?img=6,Redragon,black,4
Razer Classic Gaming Mouse,"https://images.unsplash.com/photo-1587825140708-dfaf72ae4b04?auto=format&fit=crop&w=800&q=85,https://images.unsplash.com/photo-1587825140708-dfaf72ae4b04?auto=format&fit=crop&w=900&q=85,https://images.unsplash.com/photo-1587825140708-dfaf72ae4b04?auto=format&fit=crop&w=1000&q=85,https://images.unsplash.com/photo-1587825140708-dfaf72ae4b04?auto=format&fit=crop&w=700&q=85,https://images.unsplash.com/photo-1587825140708-dfaf72ae4b04?auto=format&fit=crop&w=600&q=85",12716,1718,dollar,6,smartchoice,smartchoice@example.com,"6 Central Road, Kano",2348816996120,https://i.pravatar.cc/300?img=7,Razer,black,5
Secretlab Pro Gaming Chair,"https://images.unsplash.com/photo-1582582494700-f9f9d61d5c2b?auto=format&fit=crop&w=800&q=85,https://images.unsplash.com/photo-1582582494700-f9f9d61d5c2b?auto=format&fit=crop&w=900&q=85,https://images.unsplash.com/photo-1582582494700-f9f9d61d5c2b?auto=format&fit=crop&w=1000&q=85,https://images.unsplash.com/photo-1582582494700-f9f9d61d5c2b?auto=format&fit=crop&w=700&q=85,https://images.unsplash.com/photo-1582582494700-f9f9d61d5c2b?auto=format&fit=crop&w=600&q=85",15722,130,dollar,7,metromarket,metromarket@example.com,"24 Broad Road, Enugu",2348238463240,https://i.pravatar.cc/300?img=8,Secretlab,green,3.5
Lenovo Elite Tablet,"https://images.unsplash.com/photo-1587829741301-dc798b83add3?auto=format&fit=crop&w=800&q=85,https://images.unsplash.com/photo-1587829741301-dc798b83add3?auto=format&fit=crop&w=900&q=85,https://images.unsplash.com/photo-1587829741301-dc798b83add3?auto=format&fit=crop&w=1000&q=85,https://images.unsplash.com/photo-1587829741301-dc798b83add3?auto=format&fit=crop&w=700&q=85,https://images.unsplash.com/photo-1587829741301-dc798b83add3?auto=format&fit=crop&w=600&q=85",18509,10549,dollar,8,nextgenshop,nextgenshop@example.com,"74 Airport Road, Kaduna",2347956249829,https://i.pravatar.cc/300?img=9,Lenovo,silver,4
Anker Ultra Bluetooth Speaker,"https://images.unsplash.com/photo-1585386959984-a4155224a1f9?auto=format&fit=crop&w=800&q=85,https://images.unsplash.com/photo-1585386959984-a4155224a1f9?auto=format&fit=crop&w=900&q=85,https://images.unsplash.com/photo-1585386959984-a4155224a1f9?auto=format&fit=crop&w=1000&q=85,https://images.unsplash.com/photo-1585386959984-a4155224a1f9?auto=format&fit=crop&w=700&q=85,https://images.unsplash.com/photo-1585386959984-a4155224a1f9?auto=format&fit=crop&w=600&q=85",14653,7133,dollar,9,elitestore,elitestore@example.com,"59 Central Road, Ilorin",2347945907757,https://i.pravatar.cc/300?img=10,Anker,red,5
Fujifilm Elite Camera,"https://images.unsplash.com/photo-1519183071298-a2962e402c5d?auto=format&fit=crop&w=800&q=85,https://images.unsplash.com/photo-1519183071298-a2962e402c5d?auto=format&fit=crop&w=900&q=85,https://images.unsplash.com/photo-1519183071298-a2962e402c5d?auto=format&fit=crop&w=1000&q=85,https://images.unsplash.com/photo-1519183071298-a2962e402c5d?auto=format&fit=crop&w=700&q=85,https://images.unsplash.com/photo-1519183071298-a2962e402c5d?auto=format&fit=crop&w=600&q=85",15324,15839,dollar,10,dailydeals,dailydeals@example.com,"61 Central Road, Abeokuta",2348794956842,https://i.pravatar.cc/300?img=11,Fujifilm,gold,3
Adidas Classic Running Shoe,"https://images.unsplash.com/photo-1542291026-7eec264c27ff?auto=format&fit=crop&w=800&q=85,https://images.unsplash.com/photo-1542291026-7eec264c27ff?auto=format&fit=crop&w=900&q=85,https://images.unsplash.com/photo-1542291026-7eec264c27ff?auto=format&fit=crop&w=1000&q=85,https://images.unsplash.com/photo-1542291026-7eec264c27ff?auto=format&fit=crop&w=700&q=85,https://images.unsplash.com/photo-1542291026-7eec264c27ff?auto=format&fit=crop&w=600&q=85",11718,19620,dollar,11,trendhouse,trendhouse@example.com,"32 Broad Road, Lagos",2348854706257,https://i.pravatar.cc/300?img=12,Adidas,blue,5
Fossil Ultra Wrist Watch,"https://images.unsplash.com/photo-1512436991641-6745cdb1723f?auto=format&fit=crop&w=800&q=85,https://images.unsplash.com/photo-1512436991641-6745cdb1723f?auto=format&fit=crop&w=900&q=85,https://images.unsplash.com/photo-1512436991641-6745cdb1723f?auto=format&fit=crop&w=1000&q=85,https://images.unsplash.com/photo-1512436991641-6745cdb1723f?auto=format&fit=crop&w=700&q=85,https://images.unsplash.com/photo-1512436991641-6745cdb1723f?auto=format&fit=crop&w=600&q=85",9862,16902,dollar,12,valuemart,valuemart@example.com,"34 Allen Road, Abuja",2347990929582,https://i.pravatar.cc/300?img=13,Fossil,silver,3
Adidas Max T-Shirt,"https://images.unsplash.com/photo-1521572267360-ee0c2909d518?auto=format&fit=crop&w=800&q=85,https://images.unsplash.com/photo-1521572267360-ee0c2909d518?auto=format&fit=crop&w=900&q=85,https://images.unsplash.com/photo-1521572267360-ee0c2909d518?auto=format&fit=crop&w=1000&q=85,https://images.unsplash.com/photo-1521572267360-ee0c2909d518?auto=format&fit=crop&w=700&q=85,https://images.unsplash.com/photo-1521572267360-ee0c2909d518?auto=format&fit=crop&w=600&q=85",12370,19856,dollar,13,novastore,novastore@example.com,"65 Market Road, Ibadan",2347135539487,https://i.pravatar.cc/300?img=14,Adidas,green,3
Samsonite Max Backpack,"https://images.unsplash.com/photo-1553062407-98eeb64c6a62?auto=format&fit=crop&w=800&q=85,https://images.unsplash.com/photo-1553062407-98eeb64c6a62?auto=format&fit=crop&w=900&q=85,https://images.unsplash.com/photo-1553062407-98eeb64c6a62?auto=format&fit=crop&w=1000&q=85,https://images.unsplash.com/photo-1553062407-98eeb64c6a62?auto=format&fit=crop&w=700&q=85,https://images.unsplash.com/photo-1553062407-98eeb64c6a62?auto=format&fit=crop&w=600&q=85",9693,15446,dollar,14,gadgets,gadgets@example.com,"85 Market Road, Port",2347440799260,https://i.pravatar.cc/300?img=15,Samsonite,green,4
Nike Ultra Water Bottle,"https://images.unsplash.com/photo-1602143407151-7111542de6e8?auto=format&fit=crop&w=800&q=85,https://images.unsplash.com/photo-1602143407151-7111542de6e8?auto=format&fit=crop&w=900&q=85,https://images.unsplash.com/photo-1602143407151-7111542de6e8?auto=format&fit=crop&w=1000&q=85,https://images.unsplash.com/photo-1602143407151-7111542de6e8?auto=format&fit=crop&w=700&q=85,https://images.unsplash.com/photo-1602143407151-7111542de6e8?auto=format&fit=crop&w=600&q=85",13113,1487,dollar,15,quickbuy,quickbuy@example.com,"76 Central Road, Benin",2347259169926,https://i.pravatar.cc/300?img=16,Nike,gray,4.5
ESR Plus Phone Case,"https://images.unsplash.com/photo-1601784551446-20c9e07cdbdb?auto=format&fit=crop&w=800&q=85,https://images.unsplash.com/photo-1601784551446-20c9e07cdbdb?auto=format&fit=crop&w=900&q=85,https://images.unsplash.com/photo-1601784551446-20c9e07cdbdb?auto=format&fit=crop&w=1000&q=85,https://images.unsplash.com/photo-1601784551446-20c9e07cdbdb?auto=format&fit=crop&w=700&q=85,https://images.unsplash.com/photo-1601784551446-20c9e07cdbdb?auto=format&fit=crop&w=600&q=85",12231,14441,dollar,16,stylecorner,stylecorner@example.com,"89 Market Road, Kano",2348145947992,https://i.pravatar.cc/300?img=17,ESR,navy,4
Baseus Elite Laptop Stand,"https://images.unsplash.com/photo-1527864550417-7fd91fc51a46?auto=format&fit=crop&w=800&q=85,https://images.unsplash.com/photo-1527864550417-7fd91fc51a46?auto=format&fit=crop&w=900&q=85,https://images.unsplash.com/photo-1527864550417-7fd91fc51a46?auto=format&fit=crop&w=1000&q=85,https://images.unsplash.com/photo-1527864550417-7fd91fc51a46?auto=format&fit=crop&w=700&q=85,https://images.unsplash.com/photo-1527864550417-7fd91fc51a46?auto=format&fit=crop&w=600&q=85",12579,19778,dollar,17,megashop,megashop@example.com,"22 Central Road, Enugu",2348304045831,https://i.pravatar.cc/300?img=18,Baseus,blue,3
Moleskine Pro Notebook,"https://images.unsplash.com/photo-1531346878377-a5be20888e57?auto=format&fit=crop&w=800&q=85,https://images.unsplash.com/photo-1531346878377-a5be20888e57?auto=format&fit=crop&w=900&q=85,https://images.unsplash.com/photo-1531346878377-a5be20888e57?auto=format&fit=crop&w=1000&q=85,https://images.unsplash.com/photo-1531346878377-a5be20888e57?auto=format&fit=crop&w=700&q=85,https://images.unsplash.com/photo-1531346878377-a5be20888e57?auto=format&fit=crop&w=600&q=85",9932,19431,dollar,18,topshelf,topshelf@example.com,"3 Central Road, Kaduna",2347905974951,https://i.pravatar.cc/300?img=19,Moleskine,brown,5
Contigo Plus Coffee Mug,"https://images.unsplash.com/photo-1514228742587-6b1558fcca3d?auto=format&fit=crop&w=800&q=85,https://images.unsplash.com/photo-1514228742587-6b1558fcca3d?auto=format&fit=crop&w=900&q=85,https://images.unsplash.com/photo-1514228742587-6b1558fcca3d?auto=format&fit=crop&w=1000&q=85,https://images.unsplash.com/photo-1514228742587-6b1558fcca3d?auto=format&fit=crop&w=700&q=85,https://images.unsplash.com/photo-1514228742587-6b1558fcca3d?auto=format&fit=crop&w=600&q=85",12303,14881,dollar,19,expressstore,expressstore@example.com,"73 Allen Road, Ilorin",2347842231790,https://i.pravatar.cc/300?img=20,Contigo,black,3.5
IKEA Ultra Desk Lamp,"https://images.unsplash.com/photo-1507473885765-e6ed057f782c?auto=format&fit=crop&w=800&q=85,https://images.unsplash.com/photo-1507473885765-e6ed057f782c?auto=format&fit=crop&w=900&q=85,https://images.unsplash.com/photo-1507473885765-e6ed057f782c?auto=format&fit=crop&w=1000&q=85,https://images.unsplash.com/photo-1507473885765-e6ed057f782c?auto=format&fit=crop&w=700&q=85,https://images.unsplash.com/photo-1507473885765-e6ed057f782c?auto=format&fit=crop&w=600&q=85",13049,9801,dollar,20,modernmall,modernmall@example.com,"82 Broad Road, Abeokuta",2348538108711,https://i.pravatar.cc/300?img=21,IKEA,gold,3.5
